Zr,Nb,Mo,Ti,Cr,NN_YoungModulusPrediction_GPa,NN_HardnessPrediction_GPa,NN_PhasePredictionFromXRDClass,NN_PhasePredictionFromEBSDClass,deltaH
0,0,0,0,100,271.589630126953,10.1976833343506,1,1,0.742041835655548
0,0,0,10,90,266.438751220703,11.8309202194214,1,1,0.705411649947775
0,0,0,20,80,252.546783447266,13.7360687255859,1,1,0.657426485348237
0,0,0,30,70,227.219741821289,13.270770072937,1,1,0.642255125471118
0,0,0,40,60,195.060287475586,11.4579734802246,0,0,0.644968657955559
0,0,0,50,50,171.454360961914,9.79553508758545,0,0,0.654914227997597
0,0,0,60,40,159.636474609375,8.42310333251953,0,0,0.675528279123499
0,0,0,70,30,145.838821411133,7.88067770004272,0,0,0.67141596490762
0,0,0,80,20,136.090621948242,8.00928115844727,0,0,0.652038701528439
0,0,0,90,10,116.815711975098,8.66366577148438,0,0,0.596416131969938
0,0,0,100,0,85.8222579956055,11.1761808395386,0,0,0.451052308993447
0,0,10,0,90,295.005889892578,18.5416984558105,1,0,0.612939030371696
0,0,10,10,80,283.433410644531,17.5537261962891,1,1,0.618764464841066
0,0,10,20,70,273.600372314453,14.8000822067261,1,1,0.65630976440852
0,0,10,30,60,255.414276123047,14.0955905914307,1,1,0.653347577101503
0,0,10,40,50,226.349365234375,11.7340621948242,0,0,0.672451447472352
0,0,10,50,40,201.221481323242,9.48180389404297,0,0,0.697694987630649
0,0,10,60,30,173.9013671875,8.50652694702148,0,0,0.691734245932689
0,0,10,70,20,162.73486328125,8.64519023895264,0,0,0.673572795905005
0,0,10,80,10,150.221313476562,8.68219661712646,0,0,0.65469782468942
0,0,10,90,0,124.964714050293,8.35090446472168,0,0,0.621923689760735
0,0,20,0,80,305.061157226562,24.9072685241699,1,0,0.533195812237139
0,0,20,10,70,292.528015136719,16.2316093444824,1,0,0.647333409694452
0,0,20,20,60,279.54296875,15.651782989502,1,0,0.646580473999464
0,0,20,30,50,266.285339355469,14.0785827636719,1,0,0.663033490581912
0,0,20,40,40,258.580383300781,11.8798990249634,1,0,0.69818299098603
0,0,20,50,30,234.578857421875,9.38890838623047,0,0,0.731149394153349
0,0,20,60,20,197.54248046875,9.40762901306152,0,0,0.695604521128606
0,0,20,70,10,182.508071899414,9.93615436553955,0,0,0.665431026221368
0,0,20,80,0,159.843231201172,9.11611175537109,0,0,0.6567729752531
0,0,30,0,70,315.87060546875,19.6596145629883,1,1,0.612592119145572
0,0,30,10,60,299.8623046875,16.2168960571289,1,1,0.653204250086609
0,0,30,20,50,284.170867919922,15.5018577575684,1,0,0.652844371536104
0,0,30,30,40,268.864624023438,13.883487701416,1,0,0.668707104775703
0,0,30,40,30,263.562377929688,11.577579498291,1,0,0.708154831155781
0,0,30,50,20,254.41943359375,9.84052276611328,1,0,0.736986962385322
0,0,30,60,10,224.501449584961,9.78819465637207,1,0,0.713224398599821
0,0,30,70,0,204.422088623047,10.5312347412109,1,1,0.676366373010224
0,0,40,0,60,331.503051757812,17.1381797790527,1,1,0.661293998349669
0,0,40,10,50,302.683715820312,16.1139583587646,1,1,0.656989202357137
0,0,40,20,40,292.480499267578,14.8723258972168,1,0,0.669968460829495
0,0,40,30,30,281.038055419922,13.2046871185303,1,0,0.690695618729205
0,0,40,40,20,263.965515136719,11.5110282897949,1,0,0.709792056090346
0,0,40,50,10,234.642974853516,9.88486576080322,1,0,0.720013357825751
0,0,40,60,0,224.985916137695,10.7150897979736,1,1,0.69294049239631
0,0,50,0,50,340.556793212891,16.8470878601074,1,1,0.671733739965475
0,0,50,10,40,310.821868896484,16.2010555267334,1,0,0.66154448901404
0,0,50,20,30,306.648162841797,14.8339347839355,1,0,0.680986131029839
0,0,50,30,20,284.424194335938,12.4140434265137,1,0,0.70781010351318
0,0,50,40,10,241.516387939453,10.053915977478,1,0,0.722084889515143
0,0,50,50,0,202.099243164062,9.36313915252686,1,1,0.701494128583223
0,0,60,0,40,343.684112548828,18.0907001495361,1,1,0.655104888377562
0,0,60,10,30,310.127502441406,16.7093811035156,1,0,0.652945999118423
0,0,60,20,20,305.674652099609,13.2598857879639,1,0,0.707380533103554
0,0,60,30,10,263.986694335938,9.28666114807129,1,1,0.755929800056346
0,0,60,40,0,215.413482666016,8.79257202148438,1,1,0.728400633514979
0,0,70,0,30,342.925720214844,17.5187950134277,1,1,0.663109997162393
0,0,70,10,20,315.541839599609,13.7803106307983,1,1,0.70493164428569
0,0,70,20,10,288.729553222656,9.64778137207031,1,1,0.764676836485397
0,0,70,30,0,243.880905151367,9.09823226928711,1,1,0.745274495683451
0,0,80,0,20,334.384368896484,13.8535947799683,1,1,0.715627326825786
0,0,80,10,10,312.577423095703,10.8745574951172,1,1,0.755176294994277
0,0,80,20,0,275.361389160156,9.42515563964844,1,1,0.760706348468451
0,0,90,0,10,323.364715576172,12.272855758667,1,1,0.736118686213006
0,0,90,10,0,315.387054443359,10.1552333831787,1,1,0.770421759468397
0,0,100,0,0,353.812835693359,11.0192852020264,1,1,0.774817578867341
0,10,0,0,90,250.877838134766,8.65378856658936,1,0,0.760633774119392
0,10,0,10,80,243.109313964844,10.6540184020996,1,1,0.710472071778315
0,10,0,20,70,218.077728271484,12.9022798538208,1,0,0.640110451073734
0,10,0,30,60,182.947387695312,13.0149154663086,0,0,0.59637990827518
0,10,0,40,50,162.644180297852,11.6241207122803,0,0,0.598508253585391
0,10,0,50,40,151.035552978516,9.66465950012207,0,0,0.629158728974303
0,10,0,60,30,136.604583740234,8.86749839782715,0,0,0.627581948378022
0,10,0,70,20,119.697540283203,8.35085678100586,0,0,0.611747606029614
0,10,0,80,10,102.648544311523,6.89140748977661,0,0,0.624071144642453
0,10,0,90,0,73.4207916259766,8.72021293640137,0,0,0.479791395902576
0,10,10,0,80,265.056274414062,17.1783790588379,1,0,0.608885083915606
0,10,10,10,70,249.733917236328,15.0380001068115,1,0,0.631191928008485
0,10,10,20,60,236.162109375,14.1372261047363,1,0,0.634613740494757
0,10,10,30,50,215.256622314453,11.9180698394775,0,0,0.657395236382261
0,10,10,40,40,192.980621337891,10.5761642456055,0,0,0.662585529589095
0,10,10,50,30,173.207672119141,10.1523818969727,0,0,0.648326899172733
0,10,10,60,20,154.892700195312,10.0233840942383,0,0,0.625733314298509
0,10,10,70,10,135.167388916016,8.9464054107666,0,0,0.622852137864663
0,10,10,80,0,110.453430175781,6.78005886077881,0,0,0.645080240185062
0,10,20,0,70,277.893310546875,20.1538410186768,1,0,0.574515437083203
0,10,20,10,60,252.105010986328,14.7613868713379,1,0,0.638317082762576
0,10,20,20,50,243.995666503906,13.157112121582,1,0,0.660630714592452
0,10,20,30,40,239.379791259766,11.5879955291748,1,0,0.687659726843468
0,10,20,40,30,225.964538574219,10.4057340621948,1,0,0.70067315317898
0,10,20,50,20,219.952697753906,11.4280681610107,1,0,0.672607258998859
0,10,20,60,10,190.006652832031,10.9387512207031,1,0,0.650699919666918
0,10,20,70,0,151.639373779297,8.81258296966553,1,0,0.653170666541292
0,10,30,0,60,300.86279296875,19.7618408203125,1,1,0.599485956280738
0,10,30,10,50,262.695220947266,13.1256904602051,1,1,0.677574403155761
0,10,30,20,40,263.789794921875,12.8677349090576,1,0,0.68333942020312
0,10,30,30,30,256.47509765625,11.2667655944824,1,0,0.708764060583891
0,10,30,40,20,246.387329101562,10.5653676986694,1,0,0.715098649415619
0,10,30,50,10,231.729690551758,11.6909065246582,1,0,0.678499932875215
0,10,30,60,0,203.454956054688,11.1444873809814,1,1,0.661478793422631
0,10,40,0,50,317.504577636719,18.6619472503662,1,1,0.628434965148913
0,10,40,10,40,283.731719970703,14.2680950164795,1,1,0.673723958350687
0,10,40,20,30,275.916687011719,13.0952491760254,1,0,0.688768768414056
0,10,40,30,20,261.944183349609,10.4386463165283,1,0,0.730032111262437
0,10,40,40,10,234.298156738281,11.2010459899902,1,1,0.691135793047827
0,10,40,50,0,206.126617431641,10.7258834838867,1,1,0.673760944951837
0,10,50,0,40,324.195739746094,17.7524223327637,1,1,0.646899467072872
0,10,50,10,30,296.239837646484,15.6794462203979,1,1,0.659264055334083
0,10,50,20,20,274.883972167969,12.8342885971069,1,0,0.692809132228327
0,10,50,30,10,244.715835571289,9.74187088012695,1,1,0.73154936992414
0,10,50,40,0,201.171539306641,8.55868721008301,1,1,0.720572192872522
0,10,60,0,30,328.099914550781,18.396297454834,1,1,0.639993830390134
0,10,60,10,20,299.930114746094,15.9190149307251,1,1,0.658106246534086
0,10,60,20,10,261.550598144531,10.8489780426025,1,1,0.721273848431628
0,10,60,30,0,223.271087646484,7.38139915466309,1,1,0.770412532517049
0,10,70,0,20,318.866394042969,16.9809055328369,1,1,0.654976143324714
0,10,70,10,10,277.677825927734,12.1822471618652,1,1,0.707207496908483
0,10,70,20,0,258.686065673828,8.40140628814697,1,1,0.77185185778056
0,10,80,0,10,282.836517333984,14.1517601013184,1,1,0.675077830937716
0,10,80,10,0,296.841094970703,9.60001754760742,1,1,0.77058524911522
0,10,90,0,0,330.969543457031,11.2266445159912,1,1,0.759207094276224
0,20,0,0,80,227.685668945312,9.46697330474854,1,0,0.723444452732373
0,20,0,10,70,219.177795410156,11.6834659576416,1,0,0.666390960915443
0,20,0,20,60,177.123870849609,13.4597911834717,0,0,0.579351760694259
0,20,0,30,50,158.321914672852,12.9980449676514,0,0,0.561511018377139
0,20,0,40,40,151.184936523438,11.5104923248291,0,0,0.583488683599947
0,20,0,50,30,131.494216918945,10.5784358978271,0,0,0.572234601130521
0,20,0,60,20,109.084693908691,9.32086563110352,0,0,0.560382950177411
0,20,0,70,10,85.4411010742188,6.99130630493164,0,0,0.576409159638924
0,20,0,80,0,54.2471618652344,7.46126174926758,0,0,0.446281164501027
0,20,10,0,70,239.728424072266,17.0855770111084,1,0,0.586261870950499
0,20,10,10,60,230.125,15.7789239883423,1,0,0.598726797167715
0,20,10,20,50,205.432113647461,13.9571056365967,1,0,0.605215113014057
0,20,10,30,40,183.941345214844,11.552809715271,0,0,0.62928410112153
0,20,10,40,30,170.359817504883,10.5165920257568,0,0,0.635614627632778
0,20,10,50,20,165.772399902344,11.6663188934326,0,0,0.602112127522119
0,20,10,60,10,132.869873046875,10.0634098052979,0,0,0.588126376471216
0,20,10,70,0,91.9447479248047,7.29699945449829,0,0,0.583154905478054
0,20,20,0,60,260.464782714844,20.4106502532959,1,0,0.554844293181003
0,20,20,10,50,252.419052124023,17.0788078308105,1,0,0.598827210001172
0,20,20,20,40,236.767059326172,13.2916173934937,1,0,0.651253131616588
0,20,20,30,30,214.707122802734,10.7591075897217,1,0,0.681921752439549
0,20,20,40,20,197.601013183594,10.2395153045654,1,0,0.675698165845358
0,20,20,50,10,196.019439697266,13.0522899627686,1,0,0.612109492793597
0,20,20,60,0,144.912704467773,9.21977710723877,1,0,0.631484446941737
0,20,30,0,50,282.717712402344,20.5910091400146,1,0,0.572391776451833
0,20,30,10,40,268.259460449219,16.7680587768555,1,1,0.618431705784071
0,20,30,20,30,249.21809387207,12.9044780731201,1,1,0.670208602955903
0,20,30,30,20,223.77522277832,9.67962265014648,1,1,0.715051569980936
0,20,30,40,10,210.208862304688,11.1040573120117,1,1,0.669643146075003
0,20,30,50,0,197.568374633789,11.2882213592529,1,1,0.651657518558472
0,20,40,0,40,298.475921630859,18.6015357971191,1,1,0.614804805223177
0,20,40,10,30,277.809631347656,16.1876430511475,1,1,0.636189121323357
0,20,40,20,20,245.530059814453,12.1501836776733,1,1,0.681736483471597
0,20,40,30,10,219.032501220703,9.31213474273682,1,1,0.719267729061409
0,20,40,40,0,206.126693725586,10.9259834289551,1,1,0.669259919841653
0,20,50,0,30,307.520233154297,17.1666221618652,1,1,0.643830453090517
0,20,50,10,20,279.493957519531,15.6896724700928,1,1,0.645902134137785
0,20,50,20,10,234.361999511719,12.0241384506226,1,1,0.674115462667212
0,20,50,30,0,226.203689575195,8.95265769958496,1,1,0.734160659507598
0,20,60,0,20,314.919952392578,18.253755569458,1,1,0.632636665074648
0,20,60,10,10,270.37451171875,14.957691192627,1,1,0.650875557427783
0,20,60,20,0,248.467620849609,10.0892553329468,1,1,0.72698029953287
0,20,70,0,10,281.4638671875,17.0264587402344,1,1,0.625529397181938
0,20,70,10,0,279.061767578125,12.4915990829468,1,1,0.702401236164398
0,20,80,0,0,311.874420166016,14.4108104705811,1,1,0.691746566635364
0,30,0,0,70,196.279113769531,12.2511787414551,1,0,0.629162702624018
0,30,0,10,60,174.628967285156,12.7460079193115,0,0,0.590820720877295
0,30,0,20,50,157.9560546875,13.1360778808594,0,0,0.558006932984316
0,30,0,30,40,152.063201904297,12.1166954040527,0,0,0.570949056346529
0,30,0,40,30,150.322692871094,11.0062036514282,0,0,0.594125508587064
0,30,0,50,20,118.715171813965,9.68621253967285,0,0,0.570866672645519
0,30,0,60,10,69.0272827148438,7.1189079284668,0,0,0.518850404301882
0,30,0,70,0,18.7547206878662,6.95530891418457,0,0,0.230971902692536
0,30,10,0,60,219.987854003906,17.3611106872559,0,0,0.560663890361232
0,30,10,10,50,203.998916625977,16.6459217071533,0,0,0.554181489715364
0,30,10,20,40,167.023025512695,13.626293182373,0,0,0.561555427182297
0,30,10,30,30,157.905517578125,11.2842903137207,0,0,0.599319693972139
0,30,10,40,20,150.220092773438,10.6675548553467,0,0,0.60225469220984
0,30,10,50,10,117.368133544922,8.60792541503906,0,0,0.599229467302328
0,30,10,60,0,64.6615982055664,6.10485219955444,1,0,0.543213682679463
0,30,20,0,50,238.018218994141,18.7319583892822,1,0,0.557967149516965
0,30,20,10,40,237.577880859375,16.8330879211426,1,0,0.588294901806317
0,30,20,20,30,196.589141845703,13.2078857421875,1,0,0.60962255819704
0,30,20,30,20,172.507186889648,10.248836517334,1,0,0.645029567903487
0,30,20,40,10,173.536239624023,9.77037715911865,1,0,0.658269595206897
0,30,20,50,0,119.062522888184,6.8344898223877,1,0,0.660165202836514
0,30,30,0,40,258.003234863281,18.1141185760498,1,0,0.58741179856737
0,30,30,10,30,247.551239013672,15.9491329193115,1,0,0.613191264090987
0,30,30,20,20,219.191818237305,12.5723438262939,1,1,0.647951451560642
0,30,30,30,10,198.263702392578,9.34856414794922,1,1,0.697824297324355
0,30,30,40,0,184.479919433594,9.10871315002441,1,1,0.688512807372046
0,30,40,0,30,267.407104492188,16.0505619049072,1,1,0.629613418778566
0,30,40,10,20,255.957092285156,14.4066829681396,1,1,0.64817652077095
0,30,40,20,10,228.808059692383,12.3287620544434,1,1,0.662601328725147
0,30,40,30,0,222.638107299805,8.05246829986572,1,1,0.752958405023294
0,30,50,0,20,283.004669189453,17.4024677276611,1,0,0.62080261973036
0,30,50,10,10,268.152313232422,15.2605628967285,1,1,0.643734659448578
0,30,50,20,0,245.572998046875,10.9070901870728,1,1,0.707206512831337
0,30,60,0,10,279.078369140625,18.277286529541,1,0,0.603769170246355
0,30,60,10,0,270.591461181641,13.3874130249023,1,1,0.679172365662141
0,30,70,0,0,289.110229492188,15.6484842300415,1,0,0.654287016020542
0,40,0,0,60,163.058685302734,13.8470001220703,0,0,0.551129040534061
0,40,0,10,50,146.605041503906,13.2182292938232,0,0,0.537794925313565
0,40,0,20,40,151.455047607422,11.8529920578003,0,0,0.575974549321627
0,40,0,30,30,151.855163574219,11.2173795700073,0,0,0.5914959381931
0,40,0,40,20,114.293884277344,9.20002841949463,0,0,0.5753135792424
0,40,0,50,10,55.1127243041992,6.34540510177612,0,0,0.493150714103823
0,40,0,60,0,5.49203634262085,7.17750263214111,0,0,0.0783836361358162
0,40,10,0,50,192.742935180664,15.8983316421509,0,0,0.553340945578749
0,40,10,10,40,157.018814086914,15.3459529876709,0,0,0.512497480344633
0,40,10,20,30,149.210922241211,12.5517854690552,0,0,0.556580678915565
0,40,10,30,20,141.844940185547,10.5587282180786,1,0,0.591168861885896
0,40,10,40,10,79.0291137695312,6.59772109985352,1,0,0.572406922352361
0,40,10,50,0,34.1333770751953,5.68290948867798,1,0,0.403707381303548
0,40,20,0,40,218.065582275391,16.9425792694092,0,0,0.565533233559238
0,40,20,10,30,195.489959716797,14.5964756011963,1,0,0.580927941787412
0,40,20,20,20,180.022338867188,11.6250629425049,1,0,0.622618949073687
0,40,20,30,10,158.810363769531,8.22428131103516,1,0,0.680023253673251
0,40,20,40,0,102.718254089355,4.93314027786255,1,1,0.702690837807766
0,40,30,0,30,234.419555664062,15.3132390975952,1,0,0.61140062498517
0,40,30,10,20,231.578048706055,12.3584308624268,1,1,0.664686767340945
0,40,30,20,10,215.699600219727,10.6326036453247,1,1,0.685738490616637
0,40,30,30,0,190.854843139648,7.07997989654541,1,1,0.749941095745574
0,40,40,0,20,267.058776855469,15.6117782592773,1,0,0.636755270184479
0,40,40,10,10,252.739898681641,13.624195098877,1,1,0.659682745340619
0,40,40,20,0,239.723724365234,9.65948009490967,1,1,0.729318320342326
0,40,50,0,10,264.035949707031,17.9460315704346,1,0,0.595655130188498
0,40,50,10,0,257.790222167969,12.6136693954468,1,1,0.683209990648918
0,40,60,0,0,258.133148193359,15.844822883606,1,0,0.624852677960532
0,50,0,0,50,156.986083984375,13.4734735488892,0,0,0.549406085066558
0,50,0,10,40,152.023101806641,11.827615737915,0,0,0.577471439320574
0,50,0,20,30,151.043884277344,10.5988292694092,0,0,0.60526700594626
0,50,0,30,20,108.042404174805,7.95091581344604,1,0,0.599907821978479
0,50,0,40,10,60.4557914733887,6.10378551483154,1,0,0.526529230800311
0,50,0,50,0,12.9407005310059,7.89645385742188,1,0,0.153205574535454
0,50,10,0,40,182.376892089844,14.4444065093994,0,0,0.566875448836911
0,50,10,10,30,155.894714355469,12.2517318725586,0,0,0.574007115469281
0,50,10,20,20,144.764251708984,9.46878337860107,1,0,0.624465133333389
0,50,10,30,10,100.149017333984,5.63777542114258,1,0,0.667019942367783
0,50,10,40,0,46.7943801879883,6.46852159500122,1,1,0.447349224387623
0,50,20,0,30,213.68017578125,14.1850605010986,1,0,0.610205813801539
0,50,20,10,20,190.013793945312,10.1010513305664,1,0,0.670369837130058
0,50,20,20,10,175.576995849609,7.47016906738281,1,0,0.722629415588187
0,50,20,30,0,130.630706787109,5.68185138702393,1,1,0.72156814568882
0,50,30,0,20,237.216613769531,13.0317220687866,1,1,0.656723087421606
0,50,30,10,10,216.634643554688,9.43044757843018,1,1,0.714241091372103
0,50,30,20,0,214.887084960938,7.49707508087158,1,1,0.760555628279189
0,50,40,0,10,230.936553955078,13.5129203796387,1,0,0.641285774056766
0,50,40,10,0,231.942108154297,8.85562419891357,1,1,0.74129443714654
0,50,50,0,0,236.601150512695,12.0344982147217,1,1,0.675990410513302
0,60,0,0,40,155.309310913086,13.3102054595947,0,0,0.550159564340589
0,60,0,10,30,150.271820068359,10.8163003921509,1,0,0.598672664067606
0,60,0,20,20,136.001434326172,8.10404300689697,1,0,0.649011933766487
0,60,0,30,10,94.0427703857422,5.7548394203186,1,0,0.647982647219586
0,60,0,40,0,28.1319484710693,7.83799934387207,1,1,0.283906360729954
0,60,10,0,30,181.136596679688,13.2439107894897,1,0,0.58923090093118
0,60,10,10,20,163.759170532227,9.19242191314697,1,0,0.660177994566426
0,60,10,20,10,131.044891357422,6.82754898071289,1,0,0.681571448482736
0,60,10,30,0,86.0334777832031,5.62549781799316,1,1,0.633000161637427
0,60,20,0,20,204.31706237793,12.4660921096802,1,0,0.633970800930748
0,60,20,10,10,182.626190185547,7.86237382888794,1,1,0.719510298145383
0,60,20,20,0,155.238662719727,5.31937503814697,1,1,0.767481419272704
0,60,30,0,10,215.266479492188,11.1508884429932,1,1,0.673858203065474
0,60,30,10,0,195.017776489258,6.90799236297607,1,1,0.758795038853453
0,60,40,0,0,223.515975952148,8.63168144226074,1,1,0.739513537619231
0,70,0,0,30,151.12825012207,11.4343395233154,1,0,0.585188143576181
0,70,0,10,20,135.517059326172,8.83375644683838,1,0,0.626679314400127
0,70,0,20,10,124.633773803711,5.79719161987305,1,0,0.707668103845987
0,70,0,30,0,81.8206253051758,6.96956300735474,1,1,0.566619315300398
0,70,10,0,20,176.378631591797,10.4925861358643,1,0,0.64419440747562
0,70,10,10,10,147.406585693359,7.86589527130127,1,0,0.674213825137087
0,70,10,20,0,132.154693603516,5.18020105361938,1,1,0.742874249242586
0,70,20,0,10,192.282806396484,9.93404102325439,1,1,0.676995348738275
0,70,20,10,0,163.594619750977,5.32407712936401,1,1,0.776545011524749
0,70,30,0,0,204.436447143555,6.73460054397583,1,1,0.772116383644574
0,80,0,0,20,133.098358154297,9.74040508270264,1,0,0.597161740829797
0,80,0,10,10,129.736602783203,6.98932695388794,1,0,0.673933595996613
0,80,0,20,0,113.792190551758,6.31616592407227,1,1,0.668738915765912
0,80,10,0,10,152.208541870117,8.32237339019775,1,0,0.667884867058616
0,80,10,10,0,140.820343017578,5.33519744873047,1,1,0.749049222306289
0,80,20,0,0,169.340301513672,5.05289459228516,1,1,0.791660860418941
0,90,0,0,10,131.96484375,6.32829666137695,1,0,0.700276772497716
0,90,0,10,0,128.876770019531,6.01580047607422,1,1,0.706512045231122
0,90,10,0,0,146.727508544922,3.76898050308228,1,1,0.817080347923893
0,100,0,0,0,134.458602905273,4.87367105484009,1,1,0.758063527596774
10,0,0,0,90,188.154541015625,12.8555698394775,0,0,0.606431424466917
10,0,0,10,80,182.334594726562,13.9673719406128,0,0,0.576185813381678
10,0,0,20,70,174.156845092773,13.7792015075684,0,0,0.568724768257144
10,0,0,30,60,171.052642822266,12.8422708511353,0,0,0.583755220169251
10,0,0,40,50,153.309631347656,10.9929370880127,0,0,0.599181436589864
10,0,0,50,40,141.238616943359,8.28458213806152,0,0,0.652204263995361
10,0,0,60,30,129.538940429688,7.41387510299683,0,0,0.65960643577973
10,0,0,70,20,133.502639770508,8.21628284454346,0,0,0.641375184021557
10,0,0,80,10,130.141052246094,8.66302108764648,0,0,0.622143468148482
10,0,0,90,0,108.579818725586,10.2075891494751,0,0,0.534628435059198
10,0,10,0,80,184.570556640625,19.0484085083008,0,0,0.489667951553839
10,0,10,10,70,179.889709472656,15.9584178924561,0,0,0.535141742003896
10,0,10,20,60,180.323471069336,14.3339281082153,0,0,0.566246153959481
10,0,10,30,50,179.021102905273,13.0153169631958,0,0,0.591138568228403
10,0,10,40,40,165.024261474609,10.9997520446777,0,0,0.616567265545482
10,0,10,50,30,158.259567260742,8.0221004486084,0,0,0.685077996068948
10,0,10,60,20,153.930435180664,8.07794666290283,0,0,0.677434450082495
10,0,10,70,10,155.368835449219,9.12898540496826,0,0,0.649995855495881
10,0,10,80,0,142.947662353516,8.57840156555176,0,0,0.646373099501346
10,0,20,0,70,185.547027587891,22.1805839538574,0,0,0.445194689397918
10,0,20,10,60,177.070999145508,15.6182308197021,0,0,0.537408391683072
10,0,20,20,50,182.356658935547,13.7447853088379,0,0,0.580662868183981
10,0,20,30,40,183.399169921875,12.4584941864014,0,0,0.608727180743283
10,0,20,40,30,182.443771362305,10.5687370300293,0,0,0.650096537373154
10,0,20,50,20,185.527191162109,8.90806102752686,0,0,0.694876803868009
10,0,20,60,10,182.969604492188,9.36744117736816,0,0,0.680154900515926
10,0,20,70,0,173.360473632812,10.1064748764038,0,0,0.649660220659459
10,0,30,0,60,211.549697875977,19.0729217529297,1,0,0.523373266787183
10,0,30,10,50,210.494323730469,15.3314151763916,0,0,0.585206605342672
10,0,30,20,40,200.930252075195,13.563455581665,0,0,0.607672318159744
10,0,30,30,30,189.688781738281,12.2879018783569,1,0,0.620371401528421
10,0,30,40,20,193.950103759766,11.2538242340088,1,0,0.648221832551789
10,0,30,50,10,200.278442382812,9.62077617645264,1,0,0.693338202397984
10,0,30,60,0,206.23210144043,10.4802780151367,1,0,0.679456887731543
10,0,40,0,50,250.459655761719,16.4405136108398,1,0,0.607595881741123
10,0,40,10,40,229.486724853516,15.5688505172729,1,0,0.601773941684263
10,0,40,20,30,211.055084228516,14.2087879180908,1,0,0.606807583402654
10,0,40,30,20,196.822235107422,12.3316707611084,1,0,0.628097028481768
10,0,40,40,10,184.787353515625,10.7235279083252,1,0,0.649354329499802
10,0,40,50,0,185.149719238281,10.1978330612183,1,1,0.662278521527981
10,0,50,0,40,262.791534423828,17.1769523620605,1,0,0.606862855304306
10,0,50,10,30,238.443481445312,15.9742851257324,1,0,0.60382701296121
10,0,50,20,20,218.57536315918,13.3501796722412,1,0,0.63172854623652
10,0,50,30,10,198.260131835938,10.274040222168,1,0,0.675617843991743
10,0,50,40,0,163.360244750977,8.85704231262207,1,1,0.668631880988429
10,0,60,0,30,266.143707275391,16.7181720733643,1,0,0.617382667044563
10,0,60,10,20,234.774139404297,14.463095664978,1,0,0.627191400645782
10,0,60,20,10,218.066421508789,10.6211633682251,1,1,0.688340024335651
10,0,60,30,0,179.708297729492,8.83777618408203,1,1,0.689919176592533
10,0,70,0,20,253.13346862793,15.4585208892822,1,1,0.626945149292733
10,0,70,10,10,225.478851318359,11.1757841110229,1,1,0.683427318232455
10,0,70,20,0,218.967956542969,8.50281143188477,1,1,0.738685736522338
10,0,80,0,10,254.356582641602,12.1646099090576,1,1,0.689065713068067
10,0,80,10,0,256.858032226562,9.17844200134277,1,1,0.753221687121213
10,0,90,0,0,295.544281005859,9.9159517288208,1,1,0.763478268685805
10,10,0,0,80,173.017822265625,12.3986530303955,0,0,0.596063475052598
10,10,0,10,70,162.174865722656,12.6938724517822,0,0,0.573947572486162
10,10,0,20,60,158.93180847168,12.5031108856201,0,0,0.5731630154004
10,10,0,30,50,152.698043823242,11.7294807434082,0,0,0.580812844851251
10,10,0,40,40,137.762237548828,10.4650411605835,0,0,0.586473286501615
10,10,0,50,30,122.989753723145,9.2234001159668,0,0,0.592457170410573
10,10,0,60,20,119.214424133301,8.27535152435303,0,0,0.613113249396988
10,10,0,70,10,115.328010559082,7.09834003448486,0,0,0.643778671543736
10,10,0,80,0,100.035987854004,7.92238235473633,0,0,0.58223427169172
10,10,10,0,70,167.987487792969,16.3312187194824,0,0,0.511388721063238
10,10,10,10,60,150.77067565918,12.8531627655029,0,0,0.55256586511284
10,10,10,20,50,155.053863525391,12.5731410980225,0,0,0.565570400349564
10,10,10,30,40,153.907623291016,11.7206993103027,0,0,0.582935331252756
10,10,10,40,30,146.948486328125,9.89200592041016,0,0,0.616744878951427
10,10,10,50,20,150.038467407227,11.4574251174927,0,0,0.582885943391861
10,10,10,60,10,143.764877319336,9.66006469726562,0,0,0.617698930534882
10,10,10,70,0,132.214782714844,7.28217792510986,0,0,0.668442893931936
10,10,20,0,60,179.588470458984,15.6370124816895,0,0,0.540571531519516
10,10,20,10,50,150.177490234375,13.1447601318359,0,0,0.545333410350204
10,10,20,20,40,154.470367431641,12.8868370056152,0,0,0.557825593281301
10,10,20,30,30,159.086135864258,11.2669086456299,0,0,0.601516795765722
10,10,20,40,20,173.845489501953,10.7781658172607,0,0,0.634032753338698
10,10,20,50,10,194.457824707031,12.3553047180176,0,0,0.62476718330696
10,10,20,60,0,175.36686706543,9.90112400054932,1,0,0.657358358079368
10,10,30,0,50,225.09211730957,15.5196008682251,0,0,0.598010108973882
10,10,30,10,40,174.947875976562,13.8867206573486,0,0,0.567671930928236
10,10,30,20,30,169.383712768555,12.9623832702637,1,0,0.578818964228145
10,10,30,30,20,172.395294189453,10.992862701416,1,0,0.627005940055989
10,10,30,40,10,187.422912597656,11.8151807785034,1,0,0.627827752038511
10,10,30,50,0,196.753829956055,10.530345916748,1,0,0.667962066547344
10,10,40,0,40,237.781661987305,15.7991743087769,1,0,0.60621044361828
10,10,40,10,30,193.171752929688,14.9107513427734,1,0,0.57206129294132
10,10,40,20,20,183.977127075195,12.7550315856934,1,0,0.603174958042096
10,10,40,30,10,179.202697753906,10.901876449585,1,0,0.638141480800725
10,10,40,40,0,167.153213500977,9.81791496276855,1,1,0.648581350596303
10,10,50,0,30,243.065216064453,16.9062480926514,1,0,0.592592102053405
10,10,50,10,20,206.091064453125,14.7816734313965,1,0,0.590242293038113
10,10,50,20,10,187.926879882812,11.7175445556641,1,0,0.630610088679964
10,10,50,30,0,171.25341796875,9.14010810852051,1,1,0.671513876124216
10,10,60,0,20,240.515518188477,16.8998756408691,1,0,0.59015026308695
10,10,60,10,10,198.977752685547,13.7551040649414,1,1,0.601536785394838
10,10,60,20,0,210.621810913086,9.70371055603027,1,1,0.701981865349147
10,10,70,0,10,233.126358032227,14.7016372680664,1,1,0.621152925413507
10,10,70,10,0,250.584823608398,10.5525245666504,1,1,0.718798521890393
10,10,80,0,0,285.604675292969,12.2783403396606,1,1,0.711200108230615
10,20,0,0,70,168.471374511719,12.4057474136353,0,0,0.589480907030649
10,20,0,10,60,168.201568603516,12.7140522003174,0,0,0.582411131204993
10,20,0,20,50,158.427673339844,11.9361457824707,0,0,0.5850368164028
10,20,0,30,40,141.379150390625,10.8016748428345,0,0,0.584295123600093
10,20,0,40,30,127.445053100586,10.2255010604858,0,0,0.573711652807725
10,20,0,50,20,120.88005065918,10.1376419067383,0,0,0.563061003449848
10,20,0,60,10,99.537353515625,7.44034290313721,0,0,0.597312403636168
10,20,0,70,0,79.1544418334961,6.14992761611938,0,0,0.590913326434071
10,20,10,0,60,163.286712646484,14.4770259857178,0,0,0.53891390153965
10,20,10,10,50,152.118255615234,12.8315868377686,0,0,0.555231486402098
10,20,10,20,40,142.412811279297,11.7745475769043,0,0,0.562695469882771
10,20,10,30,30,147.786209106445,9.99345016479492,0,0,0.615446897632529
10,20,10,40,20,143.789611816406,9.76354026794434,0,0,0.614986627404529
10,20,10,50,10,154.505767822266,12.11647605896,0,0,0.574853092234581
10,20,10,60,0,120.242805480957,7.60519599914551,0,0,0.636403981348456
10,20,20,0,50,172.312088012695,14.3499555587769,0,0,0.554737776561846
10,20,20,10,40,140.862945556641,12.754054069519,0,0,0.53787080775347
10,20,20,20,30,139.387313842773,11.7246570587158,1,0,0.558570635005559
10,20,20,30,20,154.459274291992,9.23874473571777,1,0,0.645691453524215
10,20,20,40,10,174.460403442383,10.3841753005981,1,0,0.644306616059732
10,20,20,50,0,181.599060058594,10.0614471435547,1,0,0.661250119353628
10,20,30,0,40,196.164611816406,14.0994110107422,0,0,0.591349174907018
10,20,30,10,30,157.352127075195,13.6015815734863,1,0,0.547329818201702
10,20,30,20,20,152.629776000977,11.9857769012451,1,0,0.574826981810191
10,20,30,30,10,168.328750610352,9.97246742248535,1,0,0.646278677725083
10,20,30,40,0,190.820861816406,10.7967262268066,1,0,0.654940196938671
10,20,40,0,30,219.876663208008,15.2100095748901,1,0,0.597951851639377
10,20,40,10,20,180.185516357422,14.0742769241333,1,0,0.571165633546735
10,20,40,20,10,169.945220947266,11.8677959442139,1,0,0.603499068354953
10,20,40,30,0,189.973907470703,10.3994426727295,1,0,0.663220507788447
10,20,50,0,20,236.424621582031,16.5558586120605,1,0,0.591800604651737
10,20,50,10,10,196.687347412109,14.06809425354,1,0,0.592603054470708
10,20,50,20,0,205.086547851562,10.7372179031372,1,1,0.6723914929991
10,20,60,0,10,227.678207397461,15.7746934890747,1,0,0.596230567829425
10,20,60,10,0,233.026641845703,12.2185115814209,1,1,0.668903028918673
10,20,70,0,0,275.116394042969,13.6576766967773,1,1,0.67785527976283
10,30,0,0,60,171.095489501953,13.7447557449341,0,0,0.5650676470211
10,30,0,10,50,170.327987670898,12.7527437210083,0,0,0.584634471271709
10,30,0,20,40,153.715209960938,11.5876522064209,0,0,0.585716190869219
10,30,0,30,30,142.142990112305,10.1501474380493,0,0,0.602112910596204
10,30,0,40,20,135.564758300781,9.20018672943115,0,0,0.616382524580852
10,30,0,50,10,112.401725769043,6.93223714828491,0,0,0.643672973929546
10,30,0,60,0,59.4814758300781,6.23598003387451,0,0,0.516820009087727
10,30,10,0,50,161.760025024414,13.8850040435791,0,0,0.548379458922571
10,30,10,10,40,149.001190185547,12.5161476135254,0,0,0.557020495709578
10,30,10,20,30,135.792053222656,11.1438236236572,0,0,0.566021530448311
10,30,10,30,20,148.326477050781,9.27745819091797,0,0,0.635315423050189
10,30,10,40,10,138.487716674805,8.08207988739014,0,0,0.653789089234697
10,30,10,50,0,108.123504638672,6.08344125747681,0,0,0.666213221908329
10,30,20,0,40,171.899658203125,13.3495483398438,0,0,0.574313675592876
10,30,20,10,30,151.5693359375,12.145037651062,0,0,0.569512072791586
10,30,20,20,20,144.676254272461,11.0489768981934,1,0,0.583819028497436
10,30,20,30,10,161.882507324219,9.0903491973877,1,0,0.660315090620175
10,30,20,40,0,167.979827880859,8.29879474639893,1,0,0.69003585275869
10,30,30,0,30,190.846786499023,13.5145092010498,0,0,0.596317364739085
10,30,30,10,20,160.867324829102,12.6012105941772,1,0,0.57397944832632
10,30,30,20,10,169.639389038086,10.983323097229,1,0,0.623454823906341
10,30,30,30,0,192.317047119141,9.36697864532471,1,0,0.690906949945832
10,30,40,0,20,218.286758422852,14.9907875061035,1,0,0.600213785218981
10,30,40,10,10,191.833557128906,13.045919418335,1,0,0.607103362775825
10,30,40,20,0,204.969665527344,11.6546821594238,1,0,0.651951860566607
10,30,50,0,10,223.058654785156,15.0167503356934,1,0,0.604917002226841
10,30,50,10,0,217.488693237305,12.7541332244873,1,0,0.642475868593572
10,30,60,0,0,254.033401489258,14.2710227966309,1,0,0.648916386435781
10,40,0,0,50,168.144454956055,13.5467414855957,0,0,0.564832950359058
10,40,0,10,40,165.986724853516,12.2950372695923,0,0,0.588313637166549
10,40,0,20,30,148.648010253906,10.5291366577148,0,0,0.60318084501982
10,40,0,30,20,141.528167724609,8.86653900146484,0,0,0.635846757370182
10,40,0,40,10,124.648948669434,5.88083696365356,1,0,0.704558446009587
10,40,0,50,0,73.384880065918,6.68971633911133,1,0,0.550544110442513
10,40,10,0,40,164.428131103516,13.2801151275635,0,0,0.564864057490688
10,40,10,10,30,155.505432128906,11.1876564025879,0,0,0.597929581181933
10,40,10,20,20,144.616287231445,9.78916931152344,0,0,0.615665129121392
10,40,10,30,10,147.373107910156,7.37782859802246,1,0,0.689062569896452
10,40,10,40,0,113.851776123047,5.15449714660645,1,0,0.714450698820031
10,40,20,0,30,180.211944580078,12.5599708557129,0,0,0.602367067526118
10,40,20,10,20,168.285491943359,10.397087097168,0,0,0.635689427964522
10,40,20,20,10,165.796203613281,9.59825897216797,1,0,0.652349125118587
10,40,20,30,0,161.930511474609,6.51025295257568,1,0,0.735594570428064
10,40,30,0,20,210.157455444336,13.2717342376709,1,0,0.624108325370721
10,40,30,10,10,189.994262695312,11.7496681213379,1,0,0.632446812226536
10,40,30,20,0,200.348907470703,9.04220962524414,1,0,0.707579221740293
10,40,40,0,10,213.326446533203,14.412239074707,1,0,0.605493268774428
10,40,40,10,0,207.482116699219,11.4059686660767,1,0,0.660109526974399
10,40,50,0,0,227.729217529297,13.8144130706787,1,0,0.632267101950284
10,50,0,0,40,163.52897644043,14.2551326751709,0,0,0.543656939967563
10,50,0,10,30,163.286651611328,11.8587532043457,0,0,0.594101440247197
10,50,0,20,20,144.337585449219,9.65993976593018,1,0,0.618640679278801
10,50,0,30,10,125.037391662598,5.69492530822754,1,0,0.712195620470188
10,50,0,40,0,89.9889831542969,6.79558229446411,1,0,0.596317246524812
10,50,10,0,30,176.751800537109,13.7534885406494,0,0,0.572867260699452
10,50,10,10,20,165.166137695312,10.4855508804321,1,0,0.629173576970257
10,50,10,20,10,143.048645019531,8.14510154724121,1,0,0.659210097633737
10,50,10,30,0,130.769897460938,5.22957229614258,1,0,0.738943070436539
10,50,20,0,20,192.886291503906,13.1681289672852,0,0,0.605900498184952
10,50,20,10,10,181.879943847656,9.51741981506348,1,0,0.675067987764389
10,50,20,20,0,163.007476806641,7.21066951751709,1,0,0.715258167699307
10,50,30,0,10,200.684005737305,13.0637836456299,1,0,0.617444116137293
10,50,30,10,0,192.598052978516,8.4639892578125,1,1,0.71418005710784
10,50,40,0,0,205.273834228516,11.5026903152466,1,0,0.655590662699589
10,60,0,0,30,154.155456542969,14.5367069244385,0,0,0.523414304853773
10,60,0,10,20,143.209655761719,10.2854242324829,1,0,0.600420758957328
10,60,0,20,10,132.875915527344,7.06258296966553,1,0,0.676738770534504
10,60,0,30,0,117.139404296875,6.20241212844849,1,0,0.67933489662624
10,60,10,0,20,169.99267578125,12.4527187347412,1,0,0.590631143912707
10,60,10,10,10,151.478637695312,8.547119140625,1,0,0.660394000924139
10,60,10,20,0,134.022201538086,5.02045154571533,1,0,0.751719512862059
10,60,20,0,10,188.214172363281,10.2282466888428,1,0,0.665212691417505
10,60,20,10,0,165.6826171875,6.00226783752441,1,1,0.756226160744296
10,60,30,0,0,197.276153564453,8.57659912109375,1,0,0.716158940350619
10,70,0,0,20,140.991744995117,11.5477361679077,1,0,0.565550387053441
10,70,0,10,10,132.555328369141,8.13222503662109,1,0,0.642284984246716
10,70,0,20,0,130.344390869141,4.987961769104,1,0,0.747773654518405
10,70,10,0,10,161.69482421875,8.66366386413574,1,0,0.671652308828807
10,70,10,10,0,136.833297729492,5.14962196350098,1,1,0.750626592938155
10,70,20,0,0,171.239013671875,6.54358673095703,1,1,0.745293988696285
10,80,0,0,10,129.390533447266,8.53060245513916,1,0,0.624696765216702
10,80,0,10,0,131.745803833008,4.67401599884033,1,1,0.762311289422413
10,80,10,0,0,142.113540649414,5.93142652511597,1,0,0.729322268194386
10,90,0,0,0,132.371307373047,4.08770179748535,1,0,0.787446087667517
20,0,0,0,80,159.181259155273,11.3076114654541,0,0,0.600701495554282
20,0,0,10,70,155.707794189453,13.1436910629272,0,0,0.554306922964542
20,0,0,20,60,148.785736083984,12.2674264907837,0,0,0.562204411557887
20,0,0,30,50,145.225463867188,11.2887077331543,0,0,0.578955715097184
20,0,0,40,40,131.953826904297,9.77171516418457,0,0,0.594236843205767
20,0,0,50,30,119.920219421387,8.1809778213501,0,0,0.617436982606076
20,0,0,60,20,111.832298278809,7.31296253204346,0,0,0.629300049668582
20,0,0,70,10,128.486602783203,8.32163906097412,0,0,0.629320387826779
20,0,0,80,0,121.482383728027,9.94389152526855,0,0,0.569476221013711
20,0,10,0,70,158.331008911133,13.8329772949219,0,0,0.544125255599728
20,0,10,10,60,154.678100585938,13.6790065765381,0,0,0.541483462952056
20,0,10,20,50,153.707641601562,12.1457633972168,0,0,0.572926940982168
20,0,10,30,40,150.890197753906,11.4249458312988,0,0,0.585026948814291
20,0,10,40,30,133.643951416016,8.77651023864746,0,0,0.625069907163548
20,0,10,50,20,124.978271484375,8.02622032165527,0,0,0.631942372267977
20,0,10,60,10,146.033416748047,8.6828498840332,0,0,0.648259706632238
20,0,10,70,0,148.119018554688,8.75778198242188,0,0,0.649370847211354
20,0,20,0,60,153.310638427734,13.2436113357544,0,0,0.548355183742975
20,0,20,10,50,152.282806396484,13.2787532806396,0,0,0.545947055715622
20,0,20,20,40,153.736389160156,12.2169885635376,0,0,0.57137266432654
20,0,20,30,30,140.246612548828,10.7481021881104,0,0,0.583674019750506
20,0,20,40,20,132.162322998047,9.36704254150391,0,0,0.60569239968466
20,0,20,50,10,160.141815185547,9.94549179077148,0,0,0.635486848824143
20,0,20,60,0,172.649124145508,10.1061563491821,0,0,0.648731683130152
20,0,30,0,50,159.735900878906,14.677095413208,0,0,0.52953993750452
20,0,30,10,40,157.551025390625,13.3976278305054,0,0,0.551874637926308
20,0,30,20,30,155.002227783203,12.488260269165,0,0,0.56735426445022
20,0,30,30,20,136.048492431641,11.116099357605,0,0,0.567162024710227
20,0,30,40,10,142.286849975586,10.0169467926025,1,0,0.605819248432298
20,0,30,50,0,180.9697265625,11.5974493026733,1,0,0.624471805966822
20,0,40,0,40,174.437911987305,15.1226119995117,0,0,0.542910015405025
20,0,40,10,30,167.508178710938,14.1435108184814,0,0,0.551830456436354
20,0,40,20,20,158.638244628906,12.8731117248535,0,0,0.564676871936201
20,0,40,30,10,140.677703857422,10.711051940918,1,0,0.585344353775458
20,0,40,40,0,143.599990844727,9.94059276580811,1,0,0.61000663714712
20,0,50,0,30,185.854583740234,15.6004886627197,0,0,0.549744688748165
20,0,50,10,20,172.150634765625,14.4361991882324,0,0,0.552816620509205
20,0,50,20,10,158.189468383789,12.2386293411255,1,0,0.577868294844175
20,0,50,30,0,146.393188476562,9.69945812225342,1,0,0.620922134446262
20,0,60,0,20,191.093399047852,15.292854309082,1,0,0.562271554140625
20,0,60,10,10,167.461624145508,13.1358785629272,1,0,0.572371067049005
20,0,60,20,0,171.761352539062,10.4390888214111,1,0,0.639389055132698
20,0,70,0,10,204.688781738281,12.5534725189209,1,0,0.632574007389561
20,0,70,10,0,198.950775146484,9.56092071533203,1,0,0.693372352968286
20,0,80,0,0,242.181076049805,9.87633514404297,1,1,0.726531087942975
20,10,0,0,70,144.515594482422,11.3932266235352,0,0,0.575264947197858
20,10,0,10,60,136.705261230469,11.3265590667725,0,0,0.563238486472896
20,10,0,20,50,137.277496337891,10.8358469009399,0,0,0.576275647845459
20,10,0,30,40,134.157379150391,10.336353302002,0,0,0.583338967450226
20,10,0,40,30,120.000015258789,9.2684440612793,0,0,0.58521592747198
20,10,0,50,20,114.561965942383,9.18561935424805,0,0,0.576302157400696
20,10,0,60,10,113.143585205078,7.1054220199585,0,0,0.63913603654942
20,10,0,70,0,118.113586425781,7.1575288772583,0,0,0.64721242530876
20,10,10,0,60,145.603332519531,12.9694690704346,0,0,0.541412667796963
20,10,10,10,50,132.262908935547,11.4376745223999,0,0,0.552418545001756
20,10,10,20,40,135.937210083008,11.3482875823975,0,0,0.561328604657626
20,10,10,30,30,135.838104248047,10.1548757553101,0,0,0.591071336779812
20,10,10,40,20,126.694030761719,9.15644454956055,0,0,0.601502496263443
20,10,10,50,10,135.685211181641,10.277437210083,0,0,0.587611412675535
20,10,10,60,0,142.626251220703,8.23346710205078,0,0,0.655926219751156
20,10,20,0,50,151.616363525391,12.9530353546143,0,0,0.551795042477212
20,10,20,10,40,137.216217041016,11.8777723312378,0,0,0.551123520238195
20,10,20,20,30,139.069595336914,11.2568769454956,0,0,0.569130661122842
20,10,20,30,20,132.573379516602,9.85983180999756,0,0,0.592998252730046
20,10,20,40,10,143.772888183594,10.985312461853,1,0,0.583849918120498
20,10,20,50,0,176.049652099609,10.2250518798828,1,0,0.650250369631474
20,10,30,0,40,164.089874267578,13.0622062683105,0,0,0.568941215146168
20,10,30,10,30,143.443328857422,12.4727439880371,0,0,0.548585925473486
20,10,30,20,20,141.202514648438,11.5664386749268,0,0,0.565475486983849
20,10,30,30,10,142.867141723633,10.9811992645264,1,0,0.582414299622969
20,10,30,40,0,156.823760986328,9.96789360046387,1,0,0.630049134384989
20,10,40,0,30,177.876235961914,13.9874382019043,0,0,0.569729563557952
20,10,40,10,20,156.610290527344,13.0138444900513,0,0,0.558495515396878
20,10,40,20,10,151.309478759766,12.2386169433594,1,0,0.566985750378173
20,10,40,30,0,154.99853515625,10.091344833374,1,0,0.624157246288493
20,10,50,0,20,177.752105712891,15.0033416748047,1,0,0.549827987232125
20,10,50,10,10,163.101409912109,13.3230819702148,1,0,0.56197380733139
20,10,50,20,0,172.299087524414,11.3100280761719,1,0,0.619479651308841
20,10,60,0,10,194.800567626953,14.3554515838623,1,0,0.584691900644551
20,10,60,10,0,205.543243408203,11.5137596130371,1,0,0.655645528635749
20,10,70,0,0,238.728958129883,12.8162717819214,1,0,0.662363537592941
20,20,0,0,60,144.117431640625,11.4092903137207,0,0,0.574208425119119
20,20,0,10,50,142.603927612305,11.0318689346313,0,0,0.580726746417004
20,20,0,20,40,139.700714111328,10.559308052063,0,0,0.587467735615976
20,20,0,30,30,128.231018066406,8.96874618530273,0,0,0.609755591103167
20,20,0,40,20,118.837203979492,8.12868499755859,0,0,0.616925496666017
20,20,0,50,10,113.637504577637,7.91209888458252,0,0,0.613211464955292
20,20,0,60,0,105.465408325195,5.57587909698486,0,0,0.680936339150175
20,20,10,0,50,141.456817626953,11.6343774795532,0,0,0.56431719604485
20,20,10,10,40,138.182479858398,10.8758277893066,0,0,0.576886914261518
20,20,10,20,30,135.997085571289,10.2335033416748,0,0,0.589306736237502
20,20,10,30,20,141.666488647461,9.05920124053955,0,0,0.630656001459889
20,20,10,40,10,141.875946044922,8.98660755157471,0,0,0.633031752193037
20,20,10,50,0,146.240966796875,6.94665193557739,1,0,0.701050569532755
20,20,20,0,40,155.638946533203,11.8823528289795,0,0,0.581944861091101
20,20,20,10,30,136.561569213867,11.2290649414062,0,0,0.565336185573105
20,20,20,20,20,138.798370361328,10.090970993042,0,0,0.59793751553475
20,20,20,30,10,145.830352783203,9.63502597808838,1,0,0.621728610262175
20,20,20,40,0,168.891662597656,9.78389167785645,1,0,0.651798050369163
20,20,30,0,30,165.285980224609,12.5500812530518,0,0,0.581702165425468
20,20,30,10,20,140.675476074219,11.7493476867676,0,0,0.560260716954338
20,20,30,20,10,143.22346496582,10.8633861541748,1,0,0.585914618326138
20,20,30,30,0,165.410705566406,10.4400033950806,1,0,0.630635146829669
20,20,40,0,20,168.19775390625,13.5858516693115,0,0,0.564108348278926
20,20,40,10,10,148.298095703125,12.206563949585,1,0,0.562765503103738
20,20,40,20,0,164.86979675293,11.4116096496582,1,0,0.606672008782034
20,20,50,0,10,188.703155517578,13.4096965789795,1,0,0.595718226411734
20,20,50,10,0,189.956344604492,11.6172008514404,1,0,0.635328440033011
20,20,60,0,0,226.221954345703,13.3865985870361,1,0,0.638981468575891
20,30,0,0,50,148.708435058594,10.6887397766113,0,0,0.599304348215667
20,30,0,10,40,143.074172973633,10.2177639007568,0,0,0.60193156021282
20,30,0,20,30,138.586029052734,9.47593021392822,0,0,0.613987845332575
20,30,0,30,20,137.65625,7.83505153656006,0,0,0.659954460004498
20,30,0,40,10,123.245803833008,5.72151803970337,0,0,0.708215440187256
20,30,0,50,0,111.925834655762,5.69026565551758,0,0,0.689151888065988
20,30,10,0,40,145.786865234375,11.2344932556152,0,0,0.581195335380821
20,30,10,10,30,138.275650024414,10.3725299835205,0,0,0.589739995559824
20,30,10,20,20,134.56706237793,9.38742446899414,0,0,0.609427176412962
20,30,10,30,10,147.54248046875,7.85513114929199,0,0,0.674739129672609
20,30,10,40,0,142.992095947266,5.63773822784424,1,0,0.740942771216968
20,30,20,0,30,152.024856567383,11.9272012710571,0,0,0.575192080554302
20,30,20,10,20,136.593734741211,11.0369911193848,0,0,0.570081590422766
20,30,20,20,10,136.985397338867,9.83331871032715,1,0,0.601581213398829
20,30,20,30,0,165.186645507812,8.38282680511475,1,0,0.684093478122617
20,30,30,0,20,169.768676757812,12.5390968322754,0,0,0.588436722523437
20,30,30,10,10,151.723037719727,11.1020822525024,0,0,0.594047592466441
20,30,30,20,0,161.625823974609,10.1297979354858,1,0,0.632958205907992
20,30,40,0,10,187.370574951172,12.1772899627686,0,0,0.619857093796088
20,30,40,10,0,181.52197265625,10.7594013214111,1,0,0.644440343966953
20,30,50,0,0,209.515258789062,12.6666831970215,1,0,0.635643507633845
20,40,0,0,40,148.46142578125,10.8409023284912,0,0,0.595152867053285
20,40,0,10,30,143.860290527344,9.81502342224121,0,0,0.613740589308221
20,40,0,20,20,134.802856445312,8.58429336547852,0,0,0.632678950687359
20,40,0,30,10,131.735275268555,5.48892974853516,0,0,0.730471718151137
20,40,0,40,0,127.516311645508,5.46053981781006,1,0,0.725103030922996
20,40,10,0,30,148.114944458008,11.5112838745117,0,0,0.578475872529789
20,40,10,10,20,137.616165161133,10.3150472640991,0,0,0.590061030462469
20,40,10,20,10,135.130737304688,8.48929119110107,0,0,0.636032636998125
20,40,10,30,0,143.138916015625,5.07041835784912,1,0,0.761922043699482
20,40,20,0,20,164.680755615234,11.9648361206055,0,0,0.593756735208529
20,40,20,10,10,153.881317138672,10.1936550140381,0,0,0.619854637156472
20,40,20,20,0,160.659484863281,7.77058362960815,1,0,0.695612196043274
20,40,30,0,10,180.726348876953,11.5713949203491,0,0,0.624742532829854
20,40,30,10,0,174.289505004883,9.3256893157959,1,0,0.670566024679089
20,40,40,0,0,200.46875,11.9685411453247,1,0,0.640105416430494
20,50,0,0,30,143.880126953125,12.0214462280273,0,0,0.559521864803871
20,50,0,10,20,138.902465820312,9.97951984405518,0,0,0.601039960080758
20,50,0,20,10,129.830291748047,7.26502847671509,1,0,0.664958574174612
20,50,0,30,0,126.217895507812,5.23733949661255,1,0,0.731745454074764
20,50,10,0,20,152.065368652344,11.9049987792969,0,0,0.575764780495677
20,50,10,10,10,145.56330871582,9.28353404998779,1,0,0.630781656599799
20,50,10,20,0,129.812103271484,6.36349582672119,1,0,0.69557035328134
20,50,20,0,10,168.501495361328,11.374400138855,0,0,0.612719382081089
20,50,20,10,0,159.579498291016,8.33591556549072,1,0,0.677907182958845
20,50,30,0,0,180.780883789062,10.5382881164551,1,0,0.648735238880807
20,60,0,0,20,135.653686523438,11.4616622924805,0,0,0.558095116589477
20,60,0,10,10,130.036651611328,8.4012508392334,1,0,0.629720645922002
20,60,0,20,0,127.321571350098,4.61526346206665,1,0,0.758492010186071
20,60,10,0,10,153.756042480469,9.75967025756836,1,0,0.630828297332008
20,60,10,10,0,135.187210083008,6.29694366455078,1,0,0.706407925675488
20,60,20,0,0,165.081680297852,8.45622825622559,1,0,0.681917735514552
20,70,0,0,10,127.052597045898,8.3424654006958,1,0,0.626067311908641
20,70,0,10,0,129.271865844727,4.65818881988525,1,0,0.759506406930201
20,70,10,0,0,139.627014160156,6.2929105758667,1,0,0.71320355374529
20,80,0,0,0,128.230560302734,5.37020301818848,1,0,0.72968537607262
30,0,0,0,70,137.413284301758,9.40211582183838,0,0,0.613993859514575
30,0,0,10,60,133.967163085938,11.8541393280029,0,0,0.545738767760909
30,0,0,20,50,132.045135498047,10.5531616210938,0,0,0.573902059035285
30,0,0,30,40,129.818649291992,9.50502777099609,0,0,0.597584393908439
30,0,0,40,30,116.168365478516,8.27242088317871,0,0,0.607047048795465
30,0,0,50,20,108.788482666016,7.88925838470459,0,0,0.603562300052212
30,0,0,60,10,114.120422363281,8.17414569854736,0,0,0.605876364135815
30,0,0,70,0,130.267028808594,9.46998500823975,0,0,0.59938077521588
30,0,10,0,60,140.697814941406,12.0216188430786,0,0,0.553998509784519
30,0,10,10,50,137.432418823242,11.661563873291,0,0,0.556567664550624
30,0,10,20,40,134.386413574219,10.3128633499146,0,0,0.584360860267519
30,0,10,30,30,135.240463256836,9.19157981872559,0,0,0.616056830940401
30,0,10,40,20,119.589080810547,8.20339107513428,0,0,0.616086574933348
30,0,10,50,10,116.382385253906,8.84996795654297,0,0,0.589958383902375
30,0,10,60,0,147.810424804688,9.02181720733643,0,0,0.641522337452712
30,0,20,0,50,145.059936523438,13.4018955230713,0,0,0.531280458979465
30,0,20,10,40,141.218765258789,11.8420543670654,0,0,0.55905314872733
30,0,20,20,30,135.108795166016,10.5138645172119,0,0,0.580501766922802
30,0,20,30,20,125.728942871094,9.25453567504883,0,0,0.596882799064338
30,0,20,40,10,112.534484863281,9.20941925048828,0,0,0.571247131960273
30,0,20,50,0,149.706909179688,10.8441162109375,0,0,0.597085452400346
30,0,30,0,40,148.16618347168,13.5404272079468,0,0,0.533658739359088
30,0,30,10,30,140.058715820312,12.3537826538086,0,0,0.54532938923629
30,0,30,20,20,137.913162231445,11.6201419830322,0,0,0.558405514079532
30,0,30,30,10,119.670822143555,11.0119400024414,0,0,0.538034125562564
30,0,30,40,0,115.571594238281,10.1397113800049,0,0,0.551927571461263
30,0,40,0,30,152.434463500977,13.8489017486572,0,0,0.534371258417786
30,0,40,10,20,141.658798217773,13.0381860733032,0,0,0.533104967714617
30,0,40,20,10,140.940811157227,12.2109146118164,0,0,0.550108854385718
30,0,40,30,0,146.354370117188,11.0431394577026,0,0,0.58676011395085
30,0,50,0,20,148.902465820312,13.7279376983643,0,0,0.531013425054845
30,0,50,10,10,138.780410766602,12.6248779296875,0,0,0.537010418269259
30,0,50,20,0,147.042327880859,11.7506866455078,0,0,0.571104324577884
30,0,60,0,10,142.474060058594,12.0939788818359,0,0,0.55544216888032
30,0,60,10,0,148.84846496582,9.730149269104,0,0,0.624019563971611
30,0,70,0,0,171.662078857422,10.5868396759033,1,0,0.635680405984818
30,10,0,0,60,133.263854980469,10.9825096130371,0,0,0.565367780346122
30,10,0,10,50,126.330810546875,10.2726421356201,0,0,0.570325360933168
30,10,0,20,40,126.55419921875,9.87330722808838,0,0,0.581373393256693
30,10,0,30,30,121.042495727539,8.41843795776367,0,0,0.612334860761056
30,10,0,40,20,112.573318481445,7.94746208190918,0,0,0.609837477228712
30,10,0,50,10,110.001853942871,7.46960353851318,0,0,0.620116480187739
30,10,0,60,0,114.364807128906,6.4864764213562,0,0,0.663583193686135
30,10,10,0,50,137.536987304688,11.8496875762939,0,0,0.552353592705719
30,10,10,10,40,129.111709594727,10.4943504333496,0,0,0.569908050793505
30,10,10,20,30,123.632591247559,10.0344152450562,0,0,0.571342794435079
30,10,10,30,20,121.236557006836,8.680588722229,0,0,0.604819724315258
30,10,10,40,10,119.259140014648,8.58059501647949,0,0,0.603884765324213
30,10,10,50,0,130.76789855957,8.57087516784668,0,0,0.625984656244227
30,10,20,0,40,140.365234375,11.5074138641357,0,0,0.565411111772274
30,10,20,10,30,126.708961486816,10.6552495956421,0,0,0.561175007361742
30,10,20,20,20,123.903221130371,10.1330146789551,0,0,0.56925132869892
30,10,20,30,10,127.959693908691,9.61064147949219,0,0,0.591200346442243
30,10,20,40,0,129.958679199219,9.06979370117188,0,0,0.610045557388365
30,10,30,0,30,146.975128173828,12.2171249389648,0,0,0.560321095327882
30,10,30,10,20,126.158462524414,11.2795572280884,0,0,0.544541187646345
30,10,30,20,10,124.669761657715,10.9217901229858,0,0,0.550438158555176
30,10,30,30,0,131.9072265625,10.2977733612061,0,0,0.580223166034713
30,10,40,0,20,140.734832763672,12.8669853210449,0,0,0.535179700353462
30,10,40,10,10,124.034561157227,11.6744995117188,0,0,0.530820381451982
30,10,40,20,0,134.228942871094,11.2727022171021,0,0,0.560038998328682
30,10,50,0,10,132.942642211914,12.7516307830811,0,0,0.523512103156579
30,10,50,10,0,149.687042236328,11.0727596282959,0,0,0.591492854495776
30,10,60,0,0,171.557189941406,12.4333839416504,0,0,0.593264605176438
30,20,0,0,50,133.109176635742,10.3132066726685,0,0,0.582030655862424
30,20,0,10,40,132.137313842773,9.96192169189453,0,0,0.589476815134092
30,20,0,20,30,128.114105224609,8.63430786132812,0,0,0.619293593248507
30,20,0,30,20,124.426910400391,7.64064788818359,0,0,0.643138048319642
30,20,0,40,10,119.076866149902,6.42548561096191,0,0,0.674739023517619
30,20,0,50,0,106.146438598633,4.86147689819336,0,0,0.712646794258239
30,20,10,0,40,130.558410644531,10.6911993026733,0,0,0.567619879060659
30,20,10,10,30,129.794998168945,9.9284029006958,0,0,0.586037478866843
30,20,10,20,20,125.539642333984,9.00329875946045,0,0,0.603698470956195
30,20,10,30,10,131.469543457031,7.94795036315918,0,0,0.646052814667735
30,20,10,40,0,146.777954101562,6.5421781539917,0,0,0.714992768262099
30,20,20,0,30,133.127548217773,10.9838085174561,0,0,0.565084163956388
30,20,20,10,20,121.772933959961,10.1172142028809,0,0,0.565414466263584
30,20,20,20,10,116.688606262207,9.52156829833984,0,0,0.57123315880341
30,20,20,30,0,142.815032958984,8.77674674987793,0,0,0.640484088980196
30,20,30,0,20,137.889419555664,11.6515274047852,0,0,0.557623123018225
30,20,30,10,10,117.847351074219,10.5586547851562,0,0,0.545737487045983
30,20,30,20,0,133.458450317383,9.95024967193604,0,0,0.592192244183631
30,20,40,0,10,142.969680786133,11.910680770874,0,0,0.560502378481469
30,20,40,10,0,150.151153564453,10.4735116958618,0,0,0.606978231278542
30,20,50,0,0,171.512161254883,12.2997703552246,0,0,0.596117557728904
30,30,0,0,40,128.005157470703,10.532356262207,0,0,0.566820185270238
30,30,0,10,30,129.395263671875,9.54706954956055,0,0,0.595639601030183
30,30,0,20,20,127.203277587891,8.09315204620361,0,0,0.633965670575524
30,30,0,30,10,128.465728759766,6.16631650924683,0,0,0.700396956291956
30,30,0,40,0,121.07585144043,4.6607346534729,0,0,0.747232227662295
30,30,10,0,30,122.83122253418,11.0423488616943,0,0,0.543749675834351
30,30,10,10,20,119.376266479492,9.51583671569824,0,0,0.576961530338373
30,30,10,20,10,114.769958496094,8.33286476135254,0,0,0.602274945907117
30,30,10,30,0,142.326721191406,6.64465999603271,0,0,0.705256793956342
30,30,20,0,20,129.761459350586,11.0253467559814,0,0,0.557750702639101
30,30,20,10,10,120.033790588379,9.4212007522583,0,0,0.580956765280172
30,30,20,20,0,130.473754882812,8.3630313873291,0,0,0.631648643964186
30,30,30,0,10,150.945739746094,11.0746173858643,0,0,0.593469838954649
30,30,30,10,0,149.532623291016,9.54354476928711,0,0,0.630036852675935
30,30,40,0,0,168.893280029297,11.8763771057129,0,0,0.601819294412719
30,40,0,0,30,125.718818664551,10.8243427276611,0,0,0.554956849064758
30,40,0,10,20,125.432952880859,9.2247314453125,0,0,0.597160060900688
30,40,0,20,10,122.559074401855,6.92694807052612,0,0,0.66344150042537
30,40,0,30,0,124.377532958984,4.73480844497681,0,0,0.749200592898593
30,40,10,0,20,125.67301940918,10.6397838592529,0,0,0.559546970779379
30,40,10,10,10,124.770317077637,8.5096263885498,0,0,0.616763231842444
30,40,10,20,0,128.949493408203,6.59678554534912,1,0,0.685988925046228
30,40,20,0,10,141.870941162109,10.3476762771606,0,0,0.59657065404807
30,40,20,10,0,137.079315185547,8.21826267242432,0,0,0.647374099476795
30,40,30,0,0,165.725143432617,11.0278902053833,0,0,0.616901220045183
30,50,0,0,20,127.544708251953,10.5627670288086,0,0,0.565155100405665
30,50,0,10,10,128.300476074219,8.05095481872559,0,0,0.637258035464209
30,50,0,20,0,121.47216796875,4.91410636901855,1,0,0.737280706273267
30,50,10,0,10,134.599655151367,10.0838270187378,0,0,0.590718843781411
30,50,10,10,0,131.373062133789,7.32736873626709,1,0,0.66555573937964
30,50,20,0,0,149.936065673828,9.89919471740723,0,0,0.621303902628189
30,60,0,0,10,128.793304443359,9.31338882446289,0,0,0.601009780838393
30,60,0,10,0,124.820205688477,6.23559665679932,1,0,0.691806810501012
30,60,10,0,0,138.362228393555,8.37866401672363,1,0,0.644736842893878
30,70,0,0,0,125.748985290527,6.48995399475098,1,0,0.684305417033726
40,0,0,0,60,129.161834716797,9.64968013763428,0,0,0.592390001507277
40,0,0,10,50,122.591926574707,10.4269180297852,0,0,0.558913025341485
40,0,0,20,40,122.572219848633,8.79768466949463,0,0,0.603969949747168
40,0,0,30,30,116.645706176758,7.50020599365234,0,0,0.632814363059956
40,0,0,40,20,104.769218444824,7.42285919189453,0,0,0.610169227655786
40,0,0,50,10,100.847152709961,7.85367584228516,0,0,0.586469048562916
40,0,0,60,0,113.708122253418,9.09223365783691,0,0,0.577187292105512
40,0,10,0,50,133.083526611328,12.2982597351074,0,0,0.533891518438632
40,0,10,10,40,128.976470947266,10.6770162582397,0,0,0.564985259264974
40,0,10,20,30,121.262069702148,9.1046142578125,0,0,0.592444054689841
40,0,10,30,20,120.580131530762,8.38953113555908,0,0,0.612307891317643
40,0,10,40,10,110.517349243164,8.25247097015381,0,0,0.595717282812962
40,0,10,50,0,114.570358276367,9.06075572967529,0,0,0.579947828665993
40,0,20,0,40,131.163711547852,12.3376693725586,0,0,0.529381743517645
40,0,20,10,30,126.377822875977,10.7316379547119,0,0,0.558589296448334
40,0,20,20,20,119.146255493164,9.82555198669434,0,0,0.567927319212764
40,0,20,30,10,121.964874267578,9.67677974700928,0,0,0.577729174902118
40,0,20,40,0,120.698059082031,10.0811729431152,0,0,0.564197115029252
40,0,30,0,30,122.98893737793,12.3028869628906,0,0,0.514113934821809
40,0,30,10,20,119.817039489746,11.3935356140137,0,0,0.528945980605751
40,0,30,20,10,126.267761230469,10.8341255187988,0,0,0.555786449160635
40,0,30,30,0,140.910217285156,11.0800075531006,0,0,0.576639282345456
40,0,40,0,20,101.880828857422,11.6871128082275,0,0,0.481378619898438
40,0,40,10,10,98.7509231567383,10.3905563354492,0,0,0.506082989219996
40,0,40,20,0,142.079971313477,11.2187175750732,0,0,0.575293912185044
40,0,50,0,10,82.0039978027344,10.1108894348145,0,0,0.467162828071386
40,0,50,10,0,86.9566192626953,9.20884132385254,0,0,0.507289270624735
40,0,60,0,0,98.8010559082031,10.2877702713013,0,0,0.508940711666107
40,10,0,0,50,128.961334228516,10.1174354553223,0,0,0.579445315513386
40,10,0,10,40,121.469795227051,8.85894107818604,0,0,0.600003368709344
40,10,0,20,30,117.685897827148,7.88335943222046,0,0,0.622400065249201
40,10,0,30,20,114.766464233398,7.20766448974609,0,0,0.63890368698523
40,10,0,40,10,106.455741882324,6.61107158660889,0,0,0.642778573157184
40,10,0,50,0,100.958740234375,6.63610458374023,0,0,0.629579389439101
40,10,10,0,40,132.798965454102,10.6966743469238,0,0,0.571652881917557
40,10,10,10,30,118.967620849609,9.1404857635498,0,0,0.586787825956037
40,10,10,20,20,110.700546264648,8.60728645324707,0,0,0.585125239169205
40,10,10,30,10,116.909942626953,8.09175586700439,0,0,0.614216446414593
40,10,10,40,0,121.631790161133,8.04719543457031,0,0,0.624949205486558
40,10,20,0,30,126.517799377441,10.9490127563477,0,0,0.553396818317705
40,10,20,10,20,111.684303283691,10.0702152252197,0,0,0.545322776288362
40,10,20,20,10,107.432571411133,9.25478267669678,0,0,0.5585302950403
40,10,20,30,0,124.462562561035,9.49100208282471,0,0,0.587802164002709
40,10,30,0,20,105.573196411133,11.0874919891357,0,0,0.504881513865227
40,10,30,10,10,97.7861022949219,9.8942174911499,0,0,0.517045958492475
40,10,30,20,0,115.680000305176,9.60471534729004,0,0,0.566777545173221
40,10,40,0,10,94.8736419677734,10.8120527267456,0,0,0.48512221727518
40,10,40,10,0,104.857696533203,9.42868041992188,0,0,0.547523172003244
40,10,50,0,0,115.259750366211,11.0502872467041,0,0,0.527728878706194
40,20,0,0,40,124.396118164062,8.91302013397217,0,0,0.604125522375802
40,20,0,10,30,120.98356628418,8.3056526184082,0,0,0.615669342910257
40,20,0,20,20,115.586578369141,7.55680274963379,0,0,0.628815084129537
40,20,0,30,10,117.975646972656,6.98665046691895,0,0,0.652809256997741
40,20,0,40,0,116.638595581055,5.42986726760864,0,0,0.708202956498761
40,20,10,0,30,114.996215820312,10.1492938995361,0,0,0.550436546606767
40,20,10,10,20,110.191986083984,8.80790328979492,0,0,0.577934553254047
40,20,10,20,10,107.420249938965,8.26873302459717,0,0,0.588339546673443
40,20,10,30,0,124.465515136719,7.60191249847412,0,0,0.644458526281829
40,20,20,0,20,103.860305786133,10.2062702178955,0,0,0.523592194942368
40,20,20,10,10,103.475715637207,9.0549373626709,0,0,0.555126180726742
40,20,20,20,0,108.099594116211,8.29664707183838,0,0,0.588986004156234
40,20,30,0,10,104.398948669434,10.4944038391113,0,0,0.517246160992912
40,20,30,10,0,109.863616943359,9.12328147888184,0,0,0.567863150938177
40,20,40,0,0,129.424163818359,11.0787296295166,0,0,0.555789762292216
40,30,0,0,30,115.082038879395,9.26169490814209,0,0,0.575216997510564
40,30,0,10,20,114.001098632812,7.8407416343689,0,0,0.616273314544241
40,30,0,20,10,110.860382080078,6.93335437774658,0,0,0.640460296425489
40,30,0,30,0,120.590621948242,5.05948925018311,0,0,0.729895303746327
40,30,10,0,20,104.769180297852,9.49243068695068,0,0,0.545493225478612
40,30,10,10,10,103.813766479492,7.93130922317505,0,0,0.590929727699127
40,30,10,20,0,112.011520385742,6.89496803283691,0,0,0.644191927518765
40,30,20,0,10,108.601387023926,9.86262321472168,0,0,0.544038619228746
40,30,20,10,0,119.63899230957,8.31026554107666,0,0,0.612879406668937
40,30,30,0,0,128.142868041992,10.7222290039062,0,0,0.562244427265933
40,40,0,0,20,110.428359985352,9.15352821350098,0,0,0.568238473052335
40,40,0,10,10,114.730865478516,6.85735321044922,0,0,0.65099514325378
40,40,0,20,0,118.149520874023,5.4734468460083,0,0,0.709125952408391
40,40,10,0,10,114.872695922852,9.35737323760986,0,0,0.572035179248848
40,40,10,10,0,121.659233093262,7.51039981842041,0,0,0.642202852242358
40,40,20,0,0,128.994964599609,10.167896270752,0,0,0.578178313337318
40,50,0,0,10,119.49592590332,8.73344135284424,0,0,0.599781612833293
40,50,0,10,0,125.097030639648,6.68285942077637,0,0,0.676411943948868
40,50,10,0,0,131.745452880859,9.45198535919189,0,0,0.602584362331956
40,60,0,0,0,127.98331451416,8.19222259521484,0,0,0.632341914562511
50,0,0,0,50,127.336502075195,9.82891273498535,0,0,0.584070758516991
50,0,0,10,40,118.922821044922,8.5580940246582,0,0,0.603888376492756
50,0,0,20,30,118.101821899414,7.82025623321533,0,0,0.625253804471127
50,0,0,30,20,114.219528198242,7.35303497314453,0,0,0.632857432527846
50,0,0,40,10,102.728378295898,7.5556960105896,0,0,0.600934966552545
50,0,0,50,0,101.823532104492,9.56591796875,0,0,0.536322560812147
50,0,10,0,40,121.89200592041,11.1848697662354,0,0,0.538318831056193
50,0,10,10,30,116.85961151123,9.13322257995605,0,0,0.582656472600896
50,0,10,20,20,118.072380065918,8.63204383850098,0,0,0.599939062750021
50,0,10,30,10,121.623992919922,8.69783115386963,0,0,0.605068897772425
50,0,10,40,0,123.435882568359,9.4867992401123,0,0,0.585910978381398
50,0,20,0,30,113.457412719727,10.8457345962524,0,0,0.528947360651872
50,0,20,10,20,106.436965942383,9.28601837158203,0,0,0.555328050535336
50,0,20,20,10,126.21492767334,9.12414264678955,0,0,0.601515101092435
50,0,20,30,0,141.581878662109,10.3402538299561,0,0,0.596269551956809
50,0,30,0,20,96.457763671875,9.72327041625977,0,0,0.518390184791629
50,0,30,10,10,97.0329742431641,8.5343542098999,0,0,0.555093493544145
50,0,30,20,0,142.713897705078,9.9787540435791,0,0,0.607533021838057
50,0,40,0,10,77.3462524414062,9.24345874786377,0,0,0.477006305997921
50,0,40,10,0,86.048210144043,8.73023223876953,0,0,0.519135316970301
50,0,50,0,0,76.6450653076172,9.89443683624268,0,0,0.456259288692605
50,10,0,0,40,120.779403686523,8.434889793396,0,0,0.611317391862034
50,10,0,10,30,115.545227050781,7.62604713439941,0,0,0.626447038451333
50,10,0,20,20,111.038017272949,7.77883720397949,0,0,0.612049581071502
50,10,0,30,10,108.130653381348,7.54811382293701,0,0,0.613414940297211
50,10,0,40,0,107.773773193359,7.468186378479,0,0,0.615332363471594
50,10,10,0,30,112.758193969727,9.08829689025879,0,0,0.575253632271636
50,10,10,10,20,103.057640075684,8.3742847442627,0,0,0.574921849855382
50,10,10,20,10,105.829391479492,8.02040100097656,0,0,0.592673213860538
50,10,10,30,0,116.736228942871,8.47455787658691,0,0,0.60198349719103
50,10,20,0,20,88.5352935791016,9.24267196655273,0,0,0.510788839789454
50,10,20,10,10,86.2194976806641,7.79797649383545,0,0,0.549913526662924
50,10,20,20,0,111.604270935059,8.51272773742676,0,0,0.589989788769387
50,10,30,0,10,77.9440307617188,9.21860218048096,0,0,0.47965836233744
50,10,30,10,0,83.3306427001953,8.09846591949463,0,0,0.531356536801255
50,10,40,0,0,94.4386138916016,9.96142196655273,0,0,0.506491215339592
50,20,0,0,30,105.149780273438,7.34071445465088,0,0,0.613856350064743
50,20,0,10,20,106.329559326172,7.59058380126953,0,0,0.607992461056152
50,20,0,20,10,106.433128356934,7.23838520050049,0,0,0.620267602084064
50,20,0,30,0,112.031547546387,6.29391860961914,0,0,0.666107139071704
50,20,10,0,20,83.1082382202148,8.58443641662598,0,0,0.515005310510389
50,20,10,10,10,95.5398254394531,7.58533334732056,0,0,0.582397392687111
50,20,10,20,0,105.147636413574,7.38789653778076,0,0,0.612226221574717
50,20,20,0,10,80.3639068603516,9.44727325439453,0,0,0.480630208862342
50,20,20,10,0,92.9235076904297,8.128737449646,0,0,0.557379589343656
50,20,30,0,0,100.577606201172,10.0463066101074,0,0,0.519901780750528
50,30,0,0,20,96.0728378295898,7.98781681060791,0,0,0.570204299606051
50,30,0,10,10,101.314712524414,6.64555072784424,0,0,0.630047702306733
50,30,0,20,0,108.329368591309,6.19532489776611,0,0,0.662339691896474
50,30,10,0,10,83.3525085449219,9.06039619445801,0,0,0.501122977222753
50,30,10,10,0,109.58772277832,7.2503662109375,0,0,0.626709468862797
50,30,20,0,0,101.230422973633,9.82638931274414,0,0,0.527560531372919
50,40,0,0,10,106.174728393555,8.3172435760498,0,0,0.583980102538336
50,40,0,10,0,120.32585144043,6.66041231155396,0,0,0.668635487276399
50,40,10,0,0,111.405166625977,9.3073034286499,0,0,0.565951166694016
50,50,0,0,0,125.803512573242,8.71323776245117,0,0,0.612658758506157
60,0,0,0,40,128.415939331055,9.15682315826416,0,0,0.604723079509626
60,0,0,10,30,125.927238464355,8.22946643829346,0,0,0.627426635508233
60,0,0,20,20,127.253753662109,8.17377853393555,0,0,0.631577110877668
60,0,0,30,10,124.679748535156,8.35629653930664,0,0,0.621222845796202
60,0,0,40,0,127.131851196289,9.73722743988037,0,0,0.586167876713905
60,0,10,0,30,116.067832946777,8.91948986053467,0,0,0.587248301989601
60,0,10,10,20,116.160659790039,8.39670276641846,0,0,0.603186742068425
60,0,10,20,10,131.547515869141,8.491455078125,0,0,0.629724637725694
60,0,10,30,0,140.831085205078,9.58923721313477,0,0,0.614723051479923
60,0,20,0,20,100.62084197998,8.75845813751221,0,0,0.557133003890669
60,0,20,10,10,107.520492553711,8.50122261047363,0,0,0.581298663821086
60,0,20,20,0,147.308120727539,9.44528388977051,0,0,0.629173532563633
60,0,30,0,10,84.6296844482422,9.28694915771484,0,0,0.498211321265172
60,0,30,10,0,103.367095947266,9.4164867401123,0,0,0.54432360734357
60,0,40,0,0,72.427490234375,9.7678165435791,0,0,0.445734202749932
60,10,0,0,30,110.52449798584,7.36829566955566,0,0,0.624664123218805
60,10,0,10,20,112.941680908203,7.37956428527832,0,0,0.629341495519049
60,10,0,20,10,113.796722412109,7.78521156311035,0,0,0.617652831726208
60,10,0,30,0,121.733657836914,7.96122455596924,0,0,0.627848916981668
60,10,10,0,20,94.6781005859375,7.86760997772217,0,0,0.570614796973509
60,10,10,10,10,95.4062194824219,7.70505619049072,0,0,0.577967058689575
60,10,10,20,0,118.160415649414,8.38035869598389,0,0,0.607766445057702
60,10,20,0,10,80.4822463989258,8.74633121490479,0,0,0.501928088709496
60,10,20,10,0,91.6523590087891,8.36958599090576,0,0,0.546188221293774
60,10,30,0,0,88.6064224243164,9.46861934661865,0,0,0.504415094411514
60,20,0,0,20,90.0612335205078,7.26534223556519,0,0,0.579247746010598
60,20,0,10,10,103.204956054688,7.17575740814209,0,0,0.615185752101949
60,20,0,20,0,110.718132019043,7.26160907745361,0,0,0.62872081510417
60,20,10,0,10,78.2640991210938,8.57389354705811,0,0,0.50032832870191
60,20,10,10,0,94.9270782470703,7.56525611877441,0,0,0.581522923163046
60,20,20,0,0,87.9230499267578,9.42868041992188,0,0,0.503631453785288
60,30,0,0,10,85.7173767089844,8.10649967193604,0,0,0.538116574045092
60,30,0,10,0,109.016510009766,6.9451732635498,0,0,0.636169281903169
60,30,10,0,0,94.4913482666016,8.93561172485352,0,0,0.536180644305409
60,40,0,0,0,110.949523925781,8.39570617675781,0,0,0.592181345892508
70,0,0,0,30,126.796455383301,9.1643180847168,0,0,0.60147221674709
70,0,0,10,20,133.120147705078,8.77021503448486,0,0,0.624331439360681
70,0,0,20,10,144.729843139648,8.83590507507324,0,0,0.641873477027783
70,0,0,30,0,149.729736328125,10.1033020019531,0,0,0.615703037543287
70,0,10,0,20,113.219345092773,9.18441772460938,0,0,0.573455826722852
70,0,10,10,10,125.930435180664,9.24160671234131,0,0,0.597633864888255
70,0,10,20,0,150.204208374023,9.86066627502441,0,0,0.622727393369888
70,0,20,0,10,102.223793029785,9.75777435302734,0,0,0.531901975799099
70,0,20,10,0,120.842643737793,10.0952234268188,0,0,0.564115983142599
70,0,30,0,0,87.3888702392578,10.4413967132568,0,0,0.474205965386434
70,10,0,0,20,111.365249633789,7.79843235015869,0,0,0.61210699307618
70,10,0,10,10,118.219108581543,8.4775390625,0,0,0.604913179837866
70,10,0,20,0,134.394012451172,8.75053024291992,0,0,0.627131822105263
70,10,10,0,10,98.5932922363281,8.55280876159668,0,0,0.558453919309949
70,10,10,10,0,111.06428527832,9.09689235687256,0,0,0.571299557283759
70,10,20,0,0,95.5682220458984,9.3769588470459,0,0,0.525951129624482
70,20,0,0,10,90.9657287597656,8.03891849517822,0,0,0.555075790967143
70,20,0,10,0,108.571899414062,7.9635124206543,0,0,0.600672453871942
70,20,10,0,0,90.9708251953125,9.07080841064453,0,0,0.522660591751219
70,30,0,0,0,97.185302734375,8.47757148742676,0,0,0.557261427046964
80,0,0,0,20,133.108444213867,9.79749584197998,0,0,0.595642064170772
80,0,0,10,10,148.097076416016,9.91261196136475,0,0,0.618045986818642
80,0,0,20,0,168.147125244141,10.6329917907715,0,0,0.629759052750546
80,0,10,0,10,123.767822265625,10.5178050994873,0,0,0.558912112002408
80,0,10,10,0,143.112915039062,10.8541927337646,0,0,0.585954109707732
80,0,20,0,0,112.131568908691,11.3295640945435,0,0,0.513963190241886
80,10,0,0,10,116.336570739746,9.19993877410889,0,0,0.579638402994544
80,10,0,10,0,134.994110107422,9.6846809387207,0,0,0.60206214382818
80,10,10,0,0,107.919792175293,10.1703081130981,0,0,0.534110510146071
80,20,0,0,0,101.891716003418,8.83396530151367,0,0,0.55793477757864
90,0,0,0,10,144.530426025391,11.4912357330322,0,0,0.572964750988824
90,0,0,10,0,166.56657409668,12.0785875320435,0,0,0.593955536802951
90,0,10,0,0,134.113998413086,12.4003763198853,0,0,0.533507030960792
90,10,0,0,0,127.995742797852,10.8955078125,0,0,0.557601057675888
100,0,0,0,0,158.226470947266,13.6276874542236,0,0,0.54816440038903
