Zr,Nb,Mo,Ti,Cr,NN_YoungModulusPrediction_GPa,NN_HardnessPrediction_GPa,NN_PhasePredictionFromXRDClass,NN_PhasePredictionFromEBSDClass
0,4.08,35.93,4.46,55.52,309.773071289062,14.1259241104126,1,0.454697579145432
0,4.71,35.14,5.19,54.96,306.200378417969,13.8191785812378,1,0.434745669364929
0,5.36,34.46,6.17,54.01,298.511047363281,13.5058059692383,1,0.403958112001419
0,6.14,33.88,7.11,52.86,290.003936767578,13.157901763916,1,0.386632680892944
0,7.02,33.36,8.01,51.61,281.586029052734,12.88454246521,1,0.361707180738449
0,7.93,32.74,9.19,50.14,271.682434082031,12.6160087585449,1,0.325681090354919
0,8.97,32.51,10.46,48.06,265.705139160156,13.0238990783691,1,0.292913466691971
0,10.26,31.86,11.88,46,264.553131103516,13.5637016296387,1,0.255459576845169
0,11.73,31.38,13.13,43.76,264.094207763672,13.5962810516357,1,0.24555329978466
0,13.28,30.75,15.04,40.93,263.182861328125,13.2356281280518,1,0.233194082975388
0,14.36,30.39,16.41,38.84,263.254058837891,13.0244560241699,1,0.228984445333481
0,15.41,29.83,17.64,37.12,261.886749267578,12.85546875,1,0.230881452560425
0,17.5,29.13,19.97,33.4,255.076126098633,12.5828132629395,1,0.23785026371479
0,19.64,28.09,22.41,29.86,246.113967895508,12.1400709152222,1,0.233322754502296
0,21.94,26.92,25.18,25.96,227.449996948242,11.2022705078125,1,0.185512751340866
0,24.24,25.63,27.39,22.74,209.621765136719,10.4285936355591,1,0.15242426097393
0,26.38,24.03,30.16,19.43,190.709686279297,9.80073738098145,1,0.136001527309418
0,29.01,22.23,32.53,16.22,176.821929931641,9.50954627990723,1,0.118948265910149
0,31.38,20.3,35.04,13.28,171.193237304688,9.30809783935547,1,0.0815606787800789
0,33.34,17.96,37.48,11.23,162.708831787109,9.04131889343262,1,0.0748185813426971
0,34.66,15.46,40.05,9.82,137.794830322266,8.07310390472412,1,0.0759004279971123
0,36.24,13.11,42.22,8.44,94.3079147338867,6.9981837272644,1,0.0767610892653465
0,38.32,12.46,42.2,7.02,74.632080078125,6.13101530075073,1,0.079424761235714
3.72,3.8,35.75,0,56.73,301.564453125,19.6817321777344,1,0.204814016819
4.25,4.16,35.09,0,56.5,297.231689453125,20.0101127624512,1,0.154921889305115
4.79,4.94,34.56,0,55.7,293.016632080078,19.6473541259766,1,0.103012934327126
5.38,5.73,34,0,54.88,288.464111328125,19.2411918640137,1,0.0669291913509369
6.03,6.55,33.47,0,53.95,283.589447021484,18.4992446899414,1,0.0462314859032631
6.65,7.5,32.98,0,52.88,278.773498535156,17.9197540283203,1,0.0319341570138931
7.45,8.58,32.37,0,51.6,270.787231445312,17.2738418579102,1,0.0234294384717941
8.28,9.73,31.73,0,50.26,255.934463500977,16.605354309082,1,0.0139951556921005
9.25,11.05,31.44,0,48.26,232.883377075195,15.7053985595703,0,0.0122346878051758
10.52,12.55,30.72,0,46.21,202.548416137695,14.7221031188965,0,0.0148121267557144
11.78,14.33,29.88,0,44,182.78450012207,14.0083417892456,0,0.0166976898908615
13.18,16,29.25,0,41.57,174.763793945312,13.3768177032471,0,0.0177280902862549
14.09,17.13,28.79,0,39.99,171.178329467773,13.0832824707031,0,0.0161012411117554
15.7,18.94,27.77,0,37.6,169.740447998047,12.7223777770996,0,0.0139283835887909
18.86,23.36,25.53,0,32.25,163.552490234375,12.1901607513428,0,0.0133097916841507
20.48,25.74,24.2,0,29.58,157.393753051758,11.9733009338379,0,0.0140737593173981
22.21,27.93,22.79,0,27.08,147.945617675781,11.970739364624,0,0.0132500827312469
23.73,30.62,21.35,0,24.3,143.540115356445,11.9945201873779,0,0.0101858228445053
25.54,32.96,19.76,0,21.74,143.173736572266,11.6529836654663,0,0.00789275765419006
28.1,36.11,17.29,0,18.5,138.376220703125,10.9416208267212,0,0.00636857748031616
28.81,38.14,16.37,0,16.68,136.841979980469,10.7169589996338,0,0.0107584297657013
30.39,40.66,14.54,0,14.42,132.678817749023,10.4009571075439,0,0.013889953494072
31.29,42.99,13.35,0,12.37,130.776550292969,10.1589469909668,0,0.0184140354394913
3.75,0,33.97,5.33,56.95,274.835845947266,15.5932750701904,1,0.242790669202805
4.23,0,33.24,6.22,56.31,269.165130615234,15.6194009780884,1,0.202463537454605
4.83,0,32.63,6.93,55.61,264.023132324219,15.6445436477661,1,0.167461901903152
5.32,0,31.67,8.35,54.65,260.131561279297,15.702109336853,1,0.145713984966278
6.06,0,31.12,9.63,53.2,255.346176147461,15.8326101303101,1,0.120582431554794
6.76,0,30.37,11.17,51.71,250.242706298828,15.8249664306641,1,0.0939618423581123
7.56,0,29.43,13.11,49.9,241.116012573242,15.6707811355591,1,0.0667384043335915
8.42,0,28.69,14.88,48.01,228.607604980469,15.2139072418213,0,0.0470939725637436
9.57,0,27.75,16.72,45.95,209.270965576172,14.4149398803711,0,0.0365642383694649
10.7,0,26.82,18.93,43.56,188.59375,13.4618368148804,0,0.0279552340507507
11.79,0,25.76,21.37,41.09,176.906890869141,12.8011064529419,0,0.0133525282144547
12.61,0,24.92,23.17,39.3,172.285186767578,12.5028800964355,0,0.00540712475776672
13.78,0,23.76,25.87,36.6,166.153656005859,12.1719150543213,0,-0.00441639125347137
15.05,0,22.46,28.61,33.88,159.097442626953,11.7147979736328,0,-0.00204508006572723
16.24,0,20.92,31.57,31.27,151.812286376953,11.2036752700806,0,0.00738954544067383
17.48,0,19.61,34.37,28.55,145.192321777344,10.4942436218262,0,0.00788828730583191
18.8,0,18.06,37.34,25.8,139.079238891602,9.91768741607666,0,0.00793497264385223
19.99,0,16.52,40.33,23.17,132.375473022461,8.90860080718994,0,0.00791200995445251
21.35,0,15.19,42.74,20.72,127.635780334473,8.66209602355957,0,0.00866055488586426
22.55,0,13.51,45.8,18.15,123.935684204102,8.39272880554199,0,0.0082755982875824
23.95,0,11.89,48.55,15.61,122.08137512207,8.69669246673584,0,0.00792378187179565
24.54,0,11.5,49.03,14.92,121.142227172852,8.76935482025146,0,0.00785686075687408
3.31,31.5,0,5.31,59.87,159.037734985352,14.495436668396,0,0.0150693655014038
4.31,30.5,0,6.31,58.87,166.163009643555,14.5648698806763,0,0.011945053935051
5.52,28.91,0,8.57,57,173.273040771484,14.1087245941162,0,0.0120050311088562
6.26,28.4,0,9.9,55.44,176.41389465332,13.6389141082764,0,0.0129260122776031
7.06,27.53,0,11.31,54.1,176.374221801758,13.3207569122314,0,0.0131013542413712
7.89,26.83,0,13.12,52.16,174.795013427734,13.0627689361572,0,0.0154608637094498
8.9,26.03,0,14.95,50.13,170.341888427734,12.664496421814,0,0.0155742466449738
9.68,25.27,0,17.07,47.99,165.314239501953,12.2418909072876,0,0.0156075358390808
10.75,24.54,0,19.12,45.59,158.906326293945,11.6965627670288,0,0.0156726539134979
11.71,23.59,0,21.5,43.2,151.991470336914,11.3212060928345,0,0.0159996598958969
12.86,22.81,0,23.93,40.4,144.994003295898,10.997615814209,0,0.016619548201561
13.93,21.89,0,26.5,37.68,136.934555053711,10.4709444046021,0,0.0152300298213959
14.07,21.61,0,26.86,37.47,135.861465454102,10.3973808288574,0,0.0150326490402222
15.25,20.54,0,29.87,34.34,130.379638671875,9.56054878234863,0,0.0126020014286041
16.44,19.52,0,32.58,31.46,128.768768310547,9.34899139404297,0,0.0110580921173096
17.49,18.3,0,35.52,28.69,126.528930664062,9.21249675750732,0,0.0104516446590424
18.61,17.26,0,38.32,25.81,122.511535644531,8.99366760253906,0,0.0101007968187332
19.7,15.9,0,41.11,23.28,118.303894042969,8.6537618637085,0,0.00959509611129761
20.76,14.71,0,43.86,20.66,115.001434326172,8.43140029907227,0,0.0091499388217926
21.91,13.32,0,46.61,18.17,114.881317138672,8.68467140197754,0,0.00862747430801392
22.99,12.08,0,49.22,15.71,113.906555175781,9.13240242004395,0,0.00831706821918488
24.08,10.61,0,51.93,13.38,111.908905029297,9.00005531311035,0,0.00804375112056732
25.4,9.34,0,53.88,11.38,109.739013671875,8.21213340759277,0,0.00773178040981293
26.5,8.23,0,55.94,9.34,108.329040527344,7.51008701324463,0,0.00733338296413422
5.64,39.76,51.88,2.71,0,231.450500488281,13.8369121551514,1,0.144195422530174
6,39.09,50.99,3.92,0,230.919982910156,13.5347766876221,1,0.163457229733467
6.68,38.57,50.15,4.6,0,229.301879882812,13.4002361297607,1,0.161489695310593
7.36,37.72,48.61,6.32,0,227.119049072266,13.1404056549072,1,0.13747002184391
8.11,36.83,47.48,7.57,0,222.450576782227,12.8953742980957,1,0.11302162706852
8.9,35.98,46.05,9.07,0,217.379089355469,12.6265697479248,1,0.0815661624073982
9.82,34.86,44.49,10.83,0,211.432907104492,12.332085609436,1,0.0572851225733757
10.64,33.93,42.75,12.68,0,205.405334472656,12.0423316955566,1,0.0488479286432266
11.48,32.76,41.06,14.71,0,200.786651611328,11.8651657104492,1,0.0707625895738602
12.53,31.65,39.18,16.64,0,195.978912353516,11.5539207458496,1,0.0729680582880974
13.41,30.11,37.08,19.4,0,190.894409179688,11.3740825653076,1,0.0676073133945465
14.65,28.77,34.77,21.81,0,181.641540527344,11.0959892272949,1,0.0655458867549896
15.85,27.04,32.64,24.46,0,173.312835693359,10.8022451400757,1,0.0597682371735573
16.48,26.43,31.55,25.54,0,169.453735351562,10.6521043777466,1,0.0561897903680801
17.58,25.06,29.13,28.23,0,168.485198974609,10.2157983779907,1,0.0488413423299789
18.85,23.21,26.66,31.28,0,169.142303466797,9.8946361541748,1,0.0422879010438919
19.98,21.61,24.5,33.91,0,167.968811035156,9.60667991638184,1,0.0322503745555878
21.11,19.95,22.16,36.78,0,162.469390869141,9.40341472625732,1,0.0233851820230484
22.12,18.16,19.86,39.86,0,160.723968505859,9.73470878601074,1,0.017420619726181
23.25,16.48,17.7,42.57,0,156.420028686523,9.09730434417725,1,0.0162132233381271
24.01,14.82,15.62,45.54,0,156.302917480469,8.41334342956543,1,0.0155609548091888
25.03,13.12,13.73,48.11,0,154.052185058594,9.07205200195312,1,0.0134852826595306
26.12,11.71,11.9,50.27,0,144.612350463867,9.30780410766602,1,0.0122948437929153
26.94,10.21,10.06,52.79,0,137.941284179688,9.07135391235352,0,0.0110695362091064
28,8.93,8.29,54.78,0,134.906951904297,8.50321388244629,0,0.00995294749736786
7.63,87.24,0,5.12,0,132.036422729492,3.98316979408264,1,0.278156995773315
8.48,85.24,0,6.28,0,131.885696411133,4.12904834747314,1,0.265295684337616
7.37,85.6,0,7.03,0,132.184997558594,4.2655553817749,1,0.28992235660553
8.32,82.09,0,9.58,0,132.166946411133,4.59973907470703,1,0.258292317390442
10.68,77.1,0,12.22,0,130.345108032227,4.8342137336731,1,0.151171445846558
11.8,74.78,0,13.42,0,130.230392456055,4.80348587036133,1,0.0887688174843788
12.73,71.11,0,16.16,0,130.72184753418,4.75944232940674,1,0.06611118465662
13.43,68.03,0,18.53,0,130.838623046875,4.71973466873169,1,0.0605472922325134
14.54,64.4,0,21.06,0,130.188064575195,4.65079116821289,1,0.0553364604711533
15.61,60.72,0,23.66,0,129.274261474609,4.85505294799805,1,0.0488733276724815
16.47,57,0,26.53,0,129.264007568359,5.36437129974365,1,0.0431169345974922
17.32,53.09,0,29.59,0,128.9345703125,5.4675989151001,1,0.0372649431228638
17.84,51.26,0,30.9,0,125.808448791504,5.47305393218994,1,0.0347991213202477
18.81,47.7,0,33.49,0,121.952903747559,5.4377498626709,1,0.0301144942641258
19.58,43.7,0,36.72,0,125.190521240234,5.46020126342773,1,0.0254954397678375
20.41,39.97,0,39.63,0,127.710762023926,5.40548610687256,1,0.0221057683229446
21.08,36.47,0,42.45,0,120.523147583008,5.33589267730713,1,0.018495112657547
21.84,32.66,0,45.5,0,114.538650512695,5.34366130828857,0,0.0162665247917175
22.83,29.07,0,48.1,0,112.246925354004,5.27446842193604,0,0.0147152543067932
23.62,25.72,0,50.66,0,108.377059936523,5.25494241714478,0,0.0134233087301254
24.54,22.13,0,53.33,0,106.471588134766,5.24783611297607,0,0.0124210268259048
25.42,18.77,0,55.81,0,106.136871337891,5.22970342636108,0,0.0114896893501282
26.27,15.54,0,58.2,0,110.167449951172,5.50907754898071,0,0.0100552886724472
27.2,12.93,0,59.87,0,113.955108642578,5.75393486022949,0,0.00887015461921692
5.14,79.71,8.07,2.45,4.63,140.321929931641,7.62600994110107,1,0.123351946473122
5.47,77.38,8.94,2.45,5.77,142.213760375977,7.76864719390869,1,0.0699159801006317
5.72,73.88,9.95,3.05,7.39,149.909927368164,7.88832664489746,1,0.0486296564340591
6.19,71.14,10.71,3.06,8.9,159.406280517578,8.17799377441406,1,0.0362057834863663
6.53,67.37,11.61,4.05,10.44,167.530975341797,8.44697952270508,1,0.0454075410962105
6.95,63,12.82,5.03,12.2,174.629745483398,9.15096855163574,1,0.0659423470497131
7.21,59.27,13.6,6.4,13.54,174.573791503906,9.44315338134766,1,0.0789496600627899
7.7,55.17,14.35,7.73,15.05,174.816833496094,9.59764099121094,1,0.0933527201414108
8.31,51.55,14.86,8.81,16.47,177.191696166992,9.89573574066162,1,0.109154291450977
8.93,47.55,15.47,10.23,17.82,177.290145874023,10.2277326583862,1,0.114916354417801
9.28,43.24,16.21,11.72,19.56,169.092575073242,9.66806793212891,0,0.0991812348365784
9.5,39.78,16.77,12.78,21.17,157.323883056641,10.314679145813,0,0.0791736543178558
9.69,35.6,17.11,14.07,23.53,146.191528320312,11.5118026733398,0,0.0490356609225273
9.93,33.59,17.22,14.73,24.53,145.040557861328,11.6172075271606,0,0.0399809926748276
10.33,30.54,17.85,15.45,25.84,142.228057861328,11.6234378814697,0,0.0342172607779503
10.79,27.62,18.36,16.14,27.1,138.197280883789,11.5563125610352,0,0.0281341224908829
10.97,24.8,18.86,17.19,28.18,133.005187988281,11.4297657012939,0,0.0230231583118439
11.26,22.12,19.12,18.1,29.4,131.519973754883,11.4049024581909,0,0.0183757394552231
11.74,19.41,19.53,18.76,30.56,130.833770751953,11.5906686782837,0,0.0155322253704071
12.04,16.61,20.08,19.73,31.53,138.581436157227,11.8110198974609,0,0.0153386890888214
12.48,14.48,20.33,20.21,32.5,145.686920166016,11.8974199295044,0,0.0149442553520203
12.9,12.08,20.79,20.98,33.25,148.234100341797,12.0058917999268,0,0.0150286257266998
13.41,9.67,21.02,21.83,34.07,148.421630859375,12.2694835662842,0,0.015026718378067
13.86,8.02,21.44,22.18,34.49,147.996124267578,12.3720436096191,0,0.014721155166626
14.26,6.7,21.86,21.94,35.25,148.952087402344,12.4152612686157,0,0.0144368857145309
0,83.09,12.81,4.1,0,149.24169921875,4.21054840087891,1,0.462312072515488
0,83.98,15.2,0.82,0,154.914474487305,3.88451099395752,1,0.900052547454834
0,82.46,16.98,0.55,0,159.222290039062,4.21935033798218,1,0.95688271522522
0,80.09,18.88,1.03,0,164.796875,4.85977220535278,1,0.954113721847534
0,77.34,21.22,1.44,0,175.462158203125,5.48277950286865,1,0.958053588867188
0,74.74,23.2,2.06,0,182.851104736328,5.92214727401733,1,0.956273198127747
0,72.01,25.23,2.76,0,187.794403076172,6.12914133071899,1,0.953275799751282
0,68.33,27.9,3.76,0,194.114944458008,6.41063642501831,1,0.94862687587738
0,64.85,30.18,4.97,0,198.788848876953,6.88615655899048,1,0.935120820999146
0,61.03,33.04,5.93,0,206.200378417969,7.41533708572388,1,0.931886315345764
0,58.8,36.19,5.01,0,214.35481262207,8.00077629089355,1,0.967797160148621
0,55.31,38.64,6.05,0,217.819763183594,8.42409133911133,1,0.961544871330261
0,53.86,40.51,5.63,0,220.285217285156,8.74276542663574,1,0.97459876537323
0,50.67,43.26,6.07,0,226.705993652344,9.48009490966797,1,0.915913105010986
0,43.37,42.51,14.12,0,255.3984375,10.8753728866577,1,0.650356948375702
0,37.51,40.83,21.67,0,235.751159667969,9.35135746002197,1,0.444993227720261
0,33.41,41.9,24.69,0,229.555252075195,8.86016464233398,1,0.424512892961502
0,29.68,42.4,27.91,0,226.533264160156,8.48575496673584,1,0.415457159280777
0,26.3,42.81,30.89,0,224.161956787109,9.25845527648926,1,0.397539019584656
0,23.19,44.03,32.78,0,220.443298339844,9.64781665802002,1,0.356788754463196
0,20.46,45.08,34.46,0,216.086669921875,9.82504081726074,1,0.325115561485291
0,17.77,46.33,35.9,0,212.612640380859,9.83269691467285,1,0.303819835186005
0,15.22,47.29,37.49,0,212.112243652344,9.74153709411621,1,0.297090113162994
0,12.71,47.87,39.42,0,206.271148681641,9.55615615844727,1,0.296363532543182
0,10.41,47.69,41.9,0,201.676620483398,9.43404197692871,1,0.295660227537155
0,9.1,49.51,41.39,0,198.918182373047,8.60565376281738,1,0.307490348815918
10.01,0,0,74.46,15.53,131.010345458984,8.65653228759766,0,0.00341138243675232
10.73,0,0,72.4,16.87,131.071838378906,8.50601100921631,0,0.00350302457809448
12.08,0,0,68.47,19.45,132.231628417969,8.15256690979004,0,0.00365906953811646
13.39,0,0,64.72,21.89,129.455551147461,7.6924877166748,0,0.00380977988243103
15,0,0,60.75,24.25,117.904914855957,7.23614406585693,0,0.00619922578334808
16.34,0,0,56.58,27.07,116.278503417969,7.00750350952148,0,0.00841788947582245
17.79,0,0,52.55,29.66,120.032104492188,7.67484092712402,0,0.010439857840538
19.1,0,0,48.41,32.5,123.243026733398,8.4783935546875,0,0.0129433423280716
20.32,0,0,44.5,35.17,124.654754638672,8.903883934021,0,0.0158429145812988
21.52,0,0,40.61,37.87,127.722290039062,9.28736305236816,0,0.0189217925071716
22.86,0,0,36.46,40.68,132.745620727539,9.9945011138916,0,0.0215998142957687
23.94,0,0,32.95,43.11,134.579315185547,10.3848457336426,0,0.0235860794782639
24.93,0,0,29.53,45.54,135.998062133789,10.4863739013672,0,0.0263268947601318
25.37,0,0,27.98,46.64,136.285751342773,10.5216407775879,0,0.0286430492997169
26.01,0,0,24.97,49.02,136.395233154297,10.6607837677002,0,0.0241254866123199
26.8,0,0,22.22,50.97,135.482940673828,10.8378944396973,0,0.0191444009542465
27.4,0,0,19.69,52.9,135.248962402344,10.9905920028687,0,0.0150020718574524
28.05,0,0,17.4,54.56,134.760406494141,10.9624738693237,0,0.0104971081018448
29.22,0,0,14.69,56.09,133.857421875,11.1684160232544,0,0.00210633873939514
29.87,0,0,12.76,57.37,133.825057983398,11.5597591400146,0,0.00237348675727844
30.56,0,0,10.9,58.55,133.598663330078,11.7989025115967,0,0.00262314081192017
31.12,0,0,9.2,59.68,132.209503173828,11.5230140686035,0,0.00250333547592163
31.82,0,0,7.81,60.36,130.776153564453,11.0168914794922,0,0.00226467847824097
32.43,0,0,6.48,61.09,129.721527099609,10.5661849975586,0,0.0020986795425415
32.98,0,0,5.64,61.38,128.923324584961,10.3106880187988,0,0.00189182162284851
13.2,0,15.03,71.78,0,160.124664306641,9.25194454193115,0,0.0197041928768158
15.24,0,17.62,67.14,0,171.569793701172,9.65753936767578,0,0.0160817950963974
17.24,0,20.05,62.71,0,177.190475463867,10.0439119338989,0,0.0142413079738617
18.84,0,22.19,58.97,0,177.122589111328,10.395959854126,1,0.0151714831590652
20.51,0,24.31,55.19,0,183.180023193359,11.1578159332275,1,0.016242042183876
21.85,0,26.12,52.03,0,184.983703613281,11.5566024780273,1,0.0173225849866867
23.45,0,28.32,48.23,0,171.653244018555,11.7553539276123,1,0.0226984620094299
24.88,0,30.25,44.87,0,158.408020019531,11.4467992782593,1,0.0298880338668823
26.39,0,32,41.61,0,138.534652709961,10.4601745605469,0,0.0272300839424133
27.52,0,33.18,39.3,0,122.322319030762,10.0775117874146,0,0.0248295217752457
29,0,34.86,36.14,0,113.761360168457,9.9808406829834,0,0.0202407985925674
29.76,0,35.43,34.8,0,119.71460723877,10.2617454528809,0,0.0184255838394165
31.37,0,37.27,31.36,0,139.669296264648,11.0239963531494,0,0.0161986798048019
32.71,0,38.61,28.69,0,146.551544189453,11.3647813796997,0,0.0146994739770889
34.07,0,40.01,25.92,0,148.356658935547,11.6306591033936,0,0.0139551162719727
35.04,0,41.36,23.6,0,149.332336425781,11.6022796630859,0,0.0137381553649902
36.53,0,42.74,20.74,0,146.647583007812,11.4180393218994,0,0.013451486825943
37.4,0,43.91,18.69,0,143.155227661133,11.3546533584595,0,0.0127632319927216
38.47,0,44.96,16.57,0,137.887069702148,11.2941160202026,0,0.0119888186454773
39.54,0,46.01,14.45,0,124.328857421875,11.1337957382202,0,0.0112506598234177
40.36,0,47.02,12.62,0,102.431083679199,10.1082544326782,0,0.00840876996517181
41.3,0,48.06,10.65,0,82.0165100097656,9.16930961608887,0,0.00472649931907654
15.15,15.1,17.13,30.69,21.92,139.739532470703,9.50798988342285,0,0.0123380869626999
15.7,15.32,17.66,28.69,22.63,141.709228515625,9.75956916809082,0,0.0120956003665924
16.32,16.01,18.66,25.41,23.61,146.687194824219,10.2424468994141,0,0.0124601572751999
16.98,16.59,19.19,22.79,24.45,146.018615722656,10.5562391281128,0,0.0125024020671844
17.51,16.82,19.63,20.74,25.3,144.354919433594,10.8060722351074,0,0.013077974319458
18.05,17.68,20.14,18.22,25.91,140.600936889648,10.9319934844971,0,0.0140522718429565
18.61,18.01,20.65,16.22,26.51,137.018981933594,11.0018768310547,0,0.0148657858371735
19.06,18.32,21.21,14.19,27.22,133.157669067383,11.1342849731445,0,0.0152897387742996
19.42,18.85,21.74,12.52,27.48,133.798873901367,11.2615909576416,0,0.0156845599412918
19.87,19.33,21.98,10.57,28.25,136.321685791016,11.3294200897217,0,0.0156892538070679
20.01,19.8,22.44,9.35,28.41,138.52458190918,11.4109287261963,0,0.0158938467502594
20.48,20.13,22.64,7.88,28.87,140.700927734375,11.4616203308105,0,0.0181982219219208
5.04,5.29,6.18,76.46,7.02,132.486358642578,7.55619239807129,0,0.0178048312664032
5.82,6.18,7.21,72.52,8.28,136.635894775391,8.11312770843506,0,0.0111332088708878
6.73,7.33,8.48,67.78,9.68,140.623336791992,8.88575649261475,0,0.0102963000535965
7.68,8.64,9.63,62.81,11.24,142.882385253906,9.58836364746094,0,0.0108813345432281
8.44,9.59,10.98,58.41,12.57,150.027008056641,9.88530445098877,0,0.011519730091095
9.21,10.51,12.02,54.17,14.09,156.221008300781,10.7673673629761,0,0.0113169848918915
9.94,11.4,13.1,50.2,15.37,167.840454101562,12.5324153900146,0,0.0129719227552414
10.63,11.88,13.96,46.92,16.61,175.542663574219,13.0308427810669,0,0.0142559111118317
11.26,12.83,14.73,43.42,17.76,164.958892822266,12.1544647216797,0,0.0150807648897171
12.09,13.24,15.43,40.51,18.73,152.554489135742,9.78135681152344,0,0.0155072063207626
12.61,13.38,15.53,39.14,19.35,145.732727050781,9.37718772888184,0,0.0155123621225357
13.25,13.99,16.07,36.12,20.58,139.256530761719,8.95756340026855,0,0.0149426460266113
14.15,14.58,16.78,32.99,21.51,137.325225830078,9.1330099105835,0,0.013409823179245
70.73,13.55,0,0,15.72,103.503036499023,7.8170223236084,0,0.00483940541744232
66.86,14.9,0,0,18.25,99.2421112060547,7.59627532958984,0,0.00729773938655853
63.38,15.94,0,0,20.68,95.8759078979492,7.37694931030273,0,0.00790852308273315
59.45,17.21,0,0,23.34,94.2300338745117,7.06917715072632,0,0.00809851288795471
55.62,18.41,0,0,25.97,97.6128540039062,7.09713840484619,0,0.00827901065349579
51.73,19.5,0,0,28.77,101.840293884277,7.21623992919922,0,0.00793366134166718
47.97,20.18,0,0,31.85,112.608253479004,7.69900465011597,0,0.00756026804447174
43.93,21.13,0,0,34.94,118.579971313477,8.22441577911377,0,0.0078771710395813
40.02,22.09,0,0,37.89,123.241119384766,8.88094902038574,0,0.00816473364830017
36.08,22.89,0,0,41.04,126.697326660156,9.56921577453613,0,0.00821505486965179
32.73,23.47,0,0,43.79,129.079116821289,9.91422462463379,0,0.00925041735172272
30.82,23.98,0,0,45.2,130.118362426758,10.1146078109741,0,0.00998607277870178
27.44,24.48,0,0,48.08,132.762939453125,10.458176612854,0,0.0112515091896057
24.46,24.99,0,0,50.55,136.527740478516,10.7332134246826,0,0.0129500031471252
21.59,25.44,0,0,52.97,141.974700927734,10.9393224716187,0,0.0162217319011688
19.21,25.89,0,0,54.9,148.086730957031,10.8041191101074,0,0.0198731422424316
16.55,26.56,0,0,56.88,153.950271606445,10.7074785232544,0,0.0238178223371506
14.7,27.04,0,0,58.26,158.581848144531,11.441237449646,0,0.0265591144561768
12.61,27.72,0,0,59.67,163.502166748047,12.5227670669556,0,0.0295639485120773
10.88,28.43,0,0,60.68,168.003723144531,13.3258037567139,0,0.0314282476902008
9.11,29.4,0,0,61.49,173.059936523438,14.1296968460083,0,0.033148929476738
67.23,0,13.59,0,19.18,108.329650878906,9.03522872924805,0,0.00131455063819885
63.13,0,15.1,0,21.77,106.237060546875,8.70230197906494,0,0.0024508535861969
58.83,0,16.5,0,24.67,106.323127746582,8.68185710906982,0,0.00530646741390228
54.4,0,17.93,0,27.67,109.952514648438,9.45815944671631,0,0.00876450538635254
50.23,0,19.25,0,30.53,113.963638305664,10.8398723602295,0,0.00918310880661011
47.07,0,20.29,0,32.63,119.000068664551,11.3790607452393,0,0.00873531401157379
42.18,0,21.61,0,36.21,127.983169555664,11.9188327789307,0,0.00804236531257629
37.95,0,22.78,0,39.27,132.540542602539,12.5438976287842,0,0.00676463544368744
34.11,0,23.48,0,42.41,142.858901977539,13.225227355957,0,0.00524432957172394
30.19,0,24.34,0,45.47,147.612533569336,13.9187049865723,0,0.00543034076690674
26.77,0,25.25,0,47.98,152.1826171875,14.2770843505859,0,0.00891897082328796
25.12,0,25.54,0,49.34,154.399612426758,14.1855916976929,0,0.0108834058046341
22.07,0,26.15,0,51.79,155.535278320312,14.0747137069702,0,0.0150513052940369
19.36,0,26.78,0,53.86,156.532470703125,13.9904098510742,0,0.0185596346855164
16.36,0,27.4,0,55.86,161.533416748047,14.1812696456909,0,0.0222999602556229
14.56,0,27.98,0,57.46,167.370101928711,14.3640766143799,0,0.0230137407779694
12.63,0,28.5,0,58.86,175.650756835938,14.6160373687744,0,0.0231325030326843
10.99,0,29.24,0,59.77,195.299911499023,17.025411605835,0,0.0239033401012421
8.28,0,29.01,0,62.71,230.610961914062,23.7091026306152,1,0.0298385992646217
6.91,0,30.27,0,62.82,249.47932434082,24.5713710784912,1,0.0414692312479019
6.12,0,31.43,0,62.45,262.209045410156,24.4227313995361,1,0.0556139126420021
5.21,0,32.77,0,62.03,277.041900634766,23.1392116546631,1,0.0892584174871445
74.54,6.31,5.23,6.68,7.24,121.328674316406,9.33994197845459,0,0.00416412949562073
71.92,6.91,6.21,7.48,7.47,116.846351623535,9.0014476776123,0,0.00585581362247467
67.83,7.98,6.94,8.58,8.66,109.921432495117,8.50094509124756,0,0.00726869702339172
63.57,8.9,7.8,9.65,10.08,103.575126647949,8.04421138763428,0,0.00863488018512726
59.41,9.79,8.41,11.02,11.37,97.4210815429688,7.57049131393433,0,0.00991934537887573
55.36,10.27,9.32,12.27,12.78,98.3856353759766,7.39446115493774,0,0.0110304653644562
51.23,11.08,10.12,13.42,14.15,103.996185302734,8.0622034072876,0,0.0122636407613754
47.08,11.76,10.9,14.73,15.54,105.803855895996,8.40727806091309,0,0.0136347711086273
42.73,12.1,11.57,16.1,17.5,106.710830688477,8.61620330810547,0,0.013861745595932
38.92,12.65,12.33,17.42,18.68,111.453857421875,8.79131317138672,0,0.0131941139698029
35.07,12.74,13.12,18.59,20.48,116.121002197266,9.10524559020996,0,0.012324184179306
31.24,13.31,13.72,19.79,21.96,120.694778442383,9.56219482421875,0,0.0114839226007462
29.64,13.44,13.87,20.36,22.68,122.907554626465,9.69404220581055,0,0.0110576152801514
26.07,13.67,14.48,21.37,24.41,127.549011230469,9.87689590454102,0,0.0102749168872833
23.17,14,15.3,21.71,25.81,132.005737304688,10.2176942825317,0,0.0102955102920532
20.43,14.41,15.91,22.02,27.23,136.318298339844,10.5805082321167,0,0.010359138250351
17.86,14.72,16.52,22.09,28.81,141.819152832031,10.9620780944824,0,0.0109522491693497
15.57,15.14,17.38,21.69,30.22,145.369995117188,11.2770566940308,0,0.0118596851825714
13.27,15.67,18.13,21.43,31.49,143.578735351562,11.6011838912964,0,0.012989729642868
11.41,15.79,18.71,21.67,32.42,148.802001953125,11.859974861145,0,0.0142628997564316
9.41,16.69,19.99,19.99,33.92,150.091644287109,12.1504793167114,1,0.0200038105249405
7.53,17.23,20.89,18.97,35.38,165.995407104492,12.5861663818359,1,0.0261529535055161
6.79,17.92,21.93,19.48,33.88,175.651977539062,12.6830902099609,1,0.0339529141783714
6.18,19.14,23.62,23.35,27.71,180.413909912109,11.8829021453857,1,0.0544625446200371
0,3.99,0,6,90.01,260.022827148438,10.3968133926392,1,0.293088048696518
0,4.63,0,6.74,88.63,257.901184082031,10.4923009872437,1,0.29304763674736
0,5.29,0,7.36,87.36,255.822387695312,10.5869655609131,1,0.291425496339798
0,6.04,0,8.06,85.89,253.405639648438,10.6816606521606,1,0.287265509366989
0,6.88,0,8.82,84.3,250.834991455078,10.7478733062744,1,0.282751202583313
0,7.83,0,10.23,81.94,246.792633056641,10.8963069915771,1,0.263514518737793
0,8.86,0,11.38,79.76,242.2490234375,11.0023708343506,1,0.232401520013809
0,9.99,0,13.02,76.99,236.901168823242,11.3307390213013,1,0.196646511554718
0,11.2,0,14.46,74.34,231.288955688477,11.8748874664307,1,0.171493530273438
0,12.54,0,16.38,71.07,221.785766601562,12.3921852111816,1,0.153836131095886
0,13.63,0,17.75,68.62,212.724060058594,12.6244354248047,1,0.13092876970768
0,14.98,0,19.95,65.06,198.327255249023,13.0757026672363,1,0.101585738360882
0,16.36,0,22.8,60.84,179.801834106445,13.4532985687256,1,0.0688881576061249
0,17.71,0,24.8,57.49,167.579040527344,13.6087055206299,0,0.042109414935112
0,18.97,0,27.29,53.74,160.214096069336,13.4581632614136,0,0.0250118374824524
0,20.5,0,29.77,49.73,158.202514648438,13.0147724151611,0,0.0187396705150604
0,21.84,0,31.86,46.3,155.92219543457,12.5390071868896,0,0.016285702586174
0,23.75,0,34.27,41.98,153.015838623047,11.9294166564941,0,0.012913852930069
0,25.53,0,37.12,37.35,151.960174560547,11.395435333252,0,0.0132838040590286
0,27.23,0,39.41,33.36,151.246002197266,11.2203426361084,0,0.0141609907150269
0,3.39,3.91,0,92.7,273.357299804688,11.7211437225342,1,0.194217503070831
0,4.09,4.74,0,91.17,273.92041015625,12.4415035247803,1,0.18484428524971
0,4.76,5.52,0,89.72,274.140319824219,13.1207332611084,1,0.177526116371155
0,5.56,6.51,0,87.93,273.497680664062,14.056248664856,1,0.163352638483047
0,6.45,7.59,0,85.96,272.270935058594,15.2062225341797,1,0.141163095831871
0,7.58,8.98,0,83.45,270.8466796875,16.8657341003418,1,0.113475702702999
0,8.79,10.42,0,80.79,269.223693847656,17.5566520690918,1,0.0956280007958412
0,10.05,12.14,0,77.8,266.798248291016,18.1995086669922,1,0.077937550842762
0,11.66,14.06,0,74.27,263.158569335938,18.5568504333496,1,0.0573974177241325
0,13.48,16.52,0,70,262.541656494141,19.2626457214355,1,0.0368938893079758
0,15.53,19.23,0,65.23,264.872863769531,19.3877601623535,1,0.021192342042923
0,17.68,22.09,0,60.23,267.834747314453,20.4353866577148,1,0.0064338743686676
0,19.15,24,0,56.86,269.330322265625,20.7588577270508,1,-0.00354564189910889
0,21.57,27.65,0,50.79,275.004608154297,20.3825950622559,1,0.0242610722780228
0,24.37,31.28,0,44.35,278.257232666016,19.1945247650146,1,0.117622390389442
0,27.67,35.78,0,36.56,272.477020263672,17.3993988037109,1,0.222741216421127
0,30.83,40.39,0,28.78,264.532409667969,15.8776159286499,1,0.299673855304718
0,34.36,44.91,0,20.73,272.815124511719,16.4985961914062,1,0.129936277866364
0,36.77,48.21,0,15.02,285.819183349609,17.8000316619873,1,0.0499037206172943
0,38.36,50.84,0,10.8,272.729919433594,18.3590049743652,1,0.0416778773069382
0,39.64,52.41,0,7.95,257.412139892578,17.6673316955566,1,0.0613218024373055
0,40.66,53.31,0,6.03,247.736572265625,17.1906986236572,1,0.0605191886425018
0,40.8,54.36,0,4.84,246.349761962891,16.9437923431396,1,0.0526120960712433
0,41.66,54.81,0,3.53,246.106719970703,16.578197479248,1,0.0396721214056015
2.22,2.45,2.76,2.29,90.28,243.817962646484,12.6139469146729,1,0.175101518630981
2.54,2.73,3.12,4.33,87.28,238.945922851562,13.5344734191895,1,0.177959710359573
2.88,3.22,3.62,5.06,85.22,233.707748413086,14.2490768432617,1,0.154767483472824
3.2,3.61,4.16,5.61,83.43,229.452423095703,15.0358009338379,1,0.130278587341309
3.54,4.16,4.71,6.28,81.31,224.559005737305,15.8088045120239,1,0.104131661355495
3.97,4.65,5.3,7.08,79,218.503616333008,16.0046329498291,1,0.0785181447863579
4.53,5.21,6,8.14,76.13,210.173751831055,15.4288024902344,1,0.0575575679540634
5.18,5.87,6.77,8.77,73.4,198.946441650391,14.3426113128662,1,0.03573889285326
5.95,6.53,7.7,9.6,70.22,185.223327636719,14.0829277038574,1,0.0295295938849449
6.61,7.35,8.38,10.55,67.1,172.035186767578,13.8993377685547,0,0.0285923331975937
7.19,8.06,9.26,11.67,63.83,164.027465820312,13.4885158538818,0,0.0295554026961327
7.87,8.85,10.22,12.64,60.42,159.452850341797,13.2009124755859,0,0.0231145471334457
8.62,9.79,11.24,13.77,56.58,154.54296875,12.9829216003418,0,0.0161855816841125
9.2,10.62,12.15,15.21,52.83,151.890686035156,12.8442707061768,0,0.0144332051277161
10.02,11.6,13.52,15.91,48.94,148.012542724609,12.694522857666,0,0.0118267834186554
10.52,12.62,14.63,16.67,45.55,146.091888427734,12.5156593322754,0,0.011116087436676
11.22,13.56,15.88,17.87,41.46,145.841171264648,12.2313442230225,0,0.0111194252967834
11.9,14.73,17.11,18.71,37.56,143.131652832031,11.9782123565674,0,0.0121527463197708
12.66,15.46,18.2,19.57,34.1,140.661254882812,11.7889747619629,0,0.0130284577608109
13.38,16.7,19.42,20.51,29.99,138.276321411133,11.5496034622192,0,0.0138395726680756
4.9,5.16,89.93,0,0,316.003356933594,10.4058485031128,1,0.659982204437256
5.49,5.98,88.53,0,0,310.892333984375,10.4261693954468,1,0.614270567893982
6.15,6.78,87.07,0,0,305.489471435547,10.5712337493896,1,0.569319605827332
6.71,8.06,85.23,0,0,301.655395507812,11.1398677825928,1,0.520308971405029
7.57,9.27,83.16,0,0,296.674194335938,11.8771409988403,1,0.4985411465168
8.26,10.42,81.32,0,0,292.477355957031,12.3951663970947,1,0.477074921131134
9.24,11.83,78.93,0,0,286.972229003906,12.7802925109863,1,0.440799087285995
10.02,13.56,76.42,0,0,282.023742675781,12.9767189025879,1,0.399139404296875
11.42,14.95,73.63,0,0,274.858764648438,12.9351291656494,1,0.353189051151276
12.05,17.11,70.84,0,0,270.274505615234,13.1397733688354,1,0.304328560829163
13.62,18.66,67.72,0,0,262.221740722656,13.4276161193848,1,0.206509649753571
15.31,20.74,63.95,0,0,250.493865966797,13.7612400054932,1,0.16688996553421
16.57,22.78,60.65,0,0,239.180114746094,13.4864702224731,1,0.145319402217865
18.09,24.98,56.93,0,0,226.999618530273,13.156156539917,1,0.124782718718052
19.35,27.23,53.42,0,0,216.495452880859,12.8761291503906,1,0.104338951408863
20.84,29.74,49.43,0,0,206.111724853516,12.6142253875732,1,0.0794889554381371
22.38,32.76,44.86,0,0,196.725311279297,12.3012609481812,1,0.0518036261200905
23.83,35.31,40.86,0,0,189.827270507812,12.005030632019,1,0.0265693813562393
25.68,38.25,36.07,0,0,181.912078857422,11.5965728759766,0,0.00606483221054077
27.62,41.59,30.79,0,0,173.446670532227,11.1392583847046,0,0.00326193869113922
29.15,44.77,26.09,0,0,164.225540161133,10.6661348342896,0,0.0247131288051605
30.92,46.88,22.2,0,0,153.713348388672,10.2879419326782,0,0.0439658761024475
32.32,48.99,18.68,0,0,145.492263793945,9.9587516784668,0,0.0477489456534386
0,0,92.07,2.36,5.57,320.750793457031,11.4452543258667,1,0.865984559059143
0,0,92.01,1.63,6.36,319.974029541016,11.6391334533691,1,0.895476818084717
0,0,88.66,2.98,8.36,317.211975097656,11.6828689575195,1,0.862988710403442
0,0,87.56,2.95,9.48,319.593841552734,11.803373336792,1,0.887811183929443
0,0,85.71,3.63,10.67,321.64208984375,11.7815752029419,1,0.889171361923218
0,0,84.15,3.89,11.96,323.802185058594,11.8189735412598,1,0.910905241966248
0,0,82.3,4.38,13.32,324.658081054688,11.8500356674194,1,0.872985005378723
0,0,80.52,4.86,14.62,323.827575683594,11.9551057815552,1,0.78392481803894
0,0,78.45,5.58,15.98,323.767456054688,12.2001504898071,1,0.6643385887146
0,0,71.05,10.25,18.7,316.238525390625,13.1953544616699,1,0.296201080083847
0,0,69.11,11.35,19.54,313.504425048828,13.5540599822998,1,0.222050398588181
0,0,67.24,12.35,20.4,311.630187988281,13.9262294769287,1,0.18485127389431
0,0,65.33,13.4,21.27,309.922424316406,14.2043943405151,1,0.16809643805027
0,0,62.87,15.09,22.04,308.938140869141,14.3598356246948,1,0.152499169111252
0,0,61.54,15.88,22.58,309.260803222656,14.5183734893799,1,0.144729018211365
0,0,59.95,16.82,23.24,309.534362792969,14.6826810836792,1,0.139853432774544
0,0,57.92,17.64,24.43,309.673828125,14.955005645752,1,0.133074179291725
0,0,52.66,19.48,27.86,309.349731445312,14.7527198791504,1,0.115663707256317
0,0,46.55,21.73,31.72,299.923095703125,14.6808223724365,1,0.0987391471862793
0,0,40.03,23.66,36.31,285.286071777344,14.3189401626587,1,0.0893862619996071
0,0,31.5,25.42,43.08,275.86474609375,14.5357055664062,1,0.0839078798890114
0,0,24.97,26.51,48.52,272.536743164062,14.5946245193481,1,0.0683228448033333
2.01,2.72,92.57,0.62,2.08,326.19091796875,10.6409320831299,1,0.899852871894836
2.01,3.25,91.35,0.87,2.52,322.2353515625,10.7113742828369,1,0.901394248008728
2.22,3.73,90.15,0.8,3.1,317.635406494141,10.8501605987549,1,0.906517744064331
2.34,4.39,88.29,1.34,3.63,310.20263671875,10.9204387664795,1,0.905311107635498
2.78,4.94,86.28,1.55,4.44,300.9814453125,11.103946685791,1,0.905364632606506
2.88,5.73,83.88,1.91,5.6,290.733154296875,11.4590892791748,1,0.90234375
3.28,6.51,81.37,2.38,6.45,279.646362304688,11.9176778793335,1,0.891818165779114
3.78,7.58,77.99,2.92,7.73,263.590087890625,12.7350769042969,1,0.893935680389404
3.92,8.42,76.02,2.84,8.8,253.668014526367,13.358588218689,1,0.911925315856934
4.39,9.52,72.5,3.42,10.16,239.983261108398,13.9116077423096,1,0.912730693817139
4.94,10.66,69.03,3.57,11.81,231.193115234375,14.7795600891113,1,0.845543026924133
6.19,11.78,64.53,5.51,11.99,224.975402832031,15.2901649475098,1,0.547273874282837
6.13,12.69,61.68,4.76,14.73,250.793029785156,16.6849746704102,1,0.304004609584808
7.3,13.94,56.53,7.12,15.11,244.053802490234,15.881160736084,1,0.182917818427086
8.22,14.87,52.04,8.68,16.19,224.060806274414,15.2672748565674,1,0.130169957876205
8.8,16.06,47.47,9.89,17.77,206.163131713867,14.6388149261475,1,0.0937897935509682
9.07,17,42.19,11.18,20.56,190.121612548828,14.3346500396729,1,0.0911519229412079
8.54,17.73,37.8,11.23,24.71,186.307479858398,14.9457292556763,1,0.121543988585472
8.96,18.45,32.65,13.4,26.55,165.912414550781,14.0685119628906,1,0.0986586958169937
10.38,19.72,28.67,15.63,25.59,140.127746582031,12.531289100647,1,0.0670728236436844
10.22,20.31,24.11,14.92,30.44,129.491119384766,12.1173801422119,1,0.0304955691099167
10.57,21.21,20.66,16.09,31.48,125.711082458496,11.7765655517578,1,0.0191246271133423
11.11,22.05,17.05,17.24,32.56,124.71800994873,11.4404153823853,0,0.0141375660896301
11.44,22.97,14.44,17.94,33.21,123.669219970703,11.2055950164795,0,0.0129442811012268
