,Sample,Zr_at,Nb_at,Mo_at,Ti_at,Cr_at,Zr_m,Nb_m,Mo_m,Ti_m,Cr_m,E_GPa,H_GPa,stdE (GPa),stdH (GPa),CI,IQ,XRD
compo_1,grad6-CrMo mesure 1,0.0,4.08,35.93,4.46,55.52,0.0,5.47,49.77,3.08,41.67,318.6608079897524,12.593570371248004,15.81215172206905,0.5693504496313389,0.5084359,83536.15,1.0
compo_2,grad6-CrMo mesure 2,0.0,4.71,35.14,5.19,54.96,0.0,6.32,48.76,3.6,41.32,307.75208112646794,12.19282999955469,11.735733671676567,0.027792807374312996,0.47820050000000003,78974.57,1.0
compo_3,grad6-CrMo mesure 3,0.0,5.36,34.46,6.17,54.01,0.0,7.21,47.86,4.28,40.65,309.88523996040993,12.852234637128777,14.353188366569276,0.5103623883905852,0.4708745,76758.24,1.0
compo_4,grad6-CrMo mesure 4,0.0,6.14,33.88,7.11,52.86,0.0,8.26,47.04,4.93,39.77,294.43199772423475,12.34676456405349,11.053202781287082,0.24364767108735938,0.460529,73371.05,1.0
compo_5,grad6-CrMo mesure 5,0.0,7.02,33.36,8.01,51.61,0.0,9.43,46.25,5.55,38.78,290.8198874074148,12.786323682421902,9.518931886930567,0.5087847538160404,0.4641919,73017.89,1.0
compo_6,grad6-CrMo mesure 6,0.0,7.93,32.74,9.19,50.14,0.0,10.63,45.36,6.36,37.65,244.97622785788636,12.469830309201596,7.254135907029277,0.6949260728828812,0.43198690000000006,69886.54,1.0
compo_7,grad6-CrMo mesure 7,0.0,8.97,32.51,10.46,48.06,0.0,11.99,44.86,7.21,35.94,233.2143285067614,12.04394971358498,12.571747065511921,0.6781942614606397,0.3645811,63169.42,1.0
compo_8,grad6-CrMo mesure 8,0.0,10.26,31.86,11.88,46.0,0.0,13.67,43.85,8.16,34.32,262.81271419548335,12.589240282954409,5.561179502233671,0.2675352585845524,0.36920949999999997,62913.97,1.0
compo_9,grad6-CrMo mesure 9,0.0,11.73,31.38,13.13,43.76,0.0,15.56,42.98,8.98,32.48,268.1963422150863,12.725278341946384,8.250702628490338,0.4262340639778396,0.3415437,61020.48,1.0
compo_10,grad6-CrMo mesure 10,0.0,13.28,30.75,15.04,40.93,0.0,17.54,41.95,10.24,30.26,262.3582300393249,12.367557836675976,2.861528090835261,0.5048304440675022,0.40138320000000005,65254.5,1.0
compo_11,grad6-CrMo mesure 11,0.0,14.36,30.39,16.41,38.84,0.0,18.91,41.33,11.14,28.62,261.44868274659325,12.067392924723988,5.764290253947681,0.6557112250311012,0.3289553,59752.76,1.0
compo_12,grad6-NbTi mesure 1,0.0,15.41,29.83,17.64,37.12,0.0,20.25,40.49,11.96,27.31,264.84804708114814,12.269716622221328,9.228045484013423,0.7175912156981562,0.3283698,57888.38,1.0
compo_13,grad6-NbTi mesure 2,0.0,17.5,29.13,19.97,33.4,0.0,22.86,39.28,13.45,24.41,250.70225278203634,11.862144630723515,6.88774966171541,0.3390229857201495,0.30716,57382.47,1.0
compo_14,grad6-NbTi mesure 3,0.0,19.64,28.09,22.41,29.86,0.0,25.54,37.71,15.02,21.73,240.67340591591415,11.288960700895196,9.214090253238384,0.5559990931343523,0.2561257,54186.98,1.0
compo_15,grad6-NbTi mesure 4,0.0,21.94,26.92,25.18,25.96,0.0,28.4,35.98,16.81,18.81,230.14059341836375,10.96187880817233,4.430292845404846,0.17892039478993804,0.23730140000000002,52541.05,1.0
compo_16,grad6-NbTi mesure 5,0.0,24.24,25.63,27.39,22.74,0.0,31.25,34.13,18.21,16.41,212.94710311116128,10.704029642025713,6.77977479309538,0.0720387300836204,0.1396406,46965.76,1.0
compo_17,grad6-NbTi mesure 6,0.0,26.38,24.03,30.16,19.43,0.0,33.98,31.97,20.04,14.01,208.44383120450829,11.131921042608898,7.998098554591653,0.29038569664353375,0.1710069,48980.44,1.0
compo_18,grad6-NbTi mesure 7,0.0,29.01,22.23,32.53,16.22,0.0,37.28,29.5,21.55,11.67,182.77399120974678,10.297357366241233,4.373732446410866,0.3361916549129711,0.1277132,46081.75,1.0
compo_19,grad6-NbTi mesure 8,0.0,31.38,20.3,35.04,13.28,0.0,40.31,26.93,23.21,9.55,180.970006624387,9.831075054325193,6.896096593870479,0.18075116225260343,0.08399881,44509.68,1.0
compo_20,grad6-NbTi mesure 9,0.0,33.34,17.96,37.48,11.23,0.0,43.02,23.94,24.93,8.11,162.4633790805206,9.542945343987709,4.387024813677353,0.4466359295709665,0.0372929,43037.66,1.0
compo_21,grad6-NbTi mesure 10,0.0,34.66,15.46,40.05,9.82,0.0,45.15,20.8,26.9,7.16,139.77926170204444,8.261291911038787,0.37462965956574507,0.11858082346208756,0.06778922,42113.36,1.0
compo_22,grad6-NbTi mesure 11,0.0,36.24,13.11,42.22,8.44,0.0,47.52,17.75,28.54,6.2,107.90186155433626,6.858752389267858,0.643322769757331,0.7282350569226985,0.07471777,42027.58,1.0
compo_23,grad6-NbTi mesure 12,0.0,38.32,12.46,42.2,7.02,0.0,49.85,16.74,28.3,5.11,83.81481927950297,6.282143441809812,0.93665904362708,0.34402740083956873,0.07275116,41671.81,1.0
compo_24,grad7-CrMo mesure 1,3.72,3.8,35.75,0.0,56.73,4.8,4.99,48.5,0.0,41.71,291.6736265511941,16.722589679146548,8.530872300904473,0.2526708614980287,0.02261532,41358.1,1.0
compo_25,grad7-CrMo mesure 2,4.25,4.16,35.09,0.0,56.5,5.48,5.46,47.57,0.0,41.5,292.1396721429185,16.871029372733304,7.82672279030258,0.41135292633751486,0.02292051,41851.49,1.0
compo_26,grad7-CrMo mesure 3,4.79,4.94,34.56,0.0,55.7,6.15,6.46,46.65,0.0,40.75,278.6044749540787,17.164143652519833,11.531612323489759,0.270972027794281,0.01843793,38512.27,0.0
compo_27,grad7-CrMo mesure 4,5.38,5.73,34.0,0.0,54.88,6.88,7.46,45.69,0.0,39.97,276.9419147741378,17.163382782305128,5.48407608661579,0.40369475338279404,0.01979029,38816.01,0.0
compo_28,grad7-CrMo mesure 5,6.03,6.55,33.47,0.0,53.95,7.66,8.48,44.76,0.0,39.1,286.45352694331444,17.13175736133264,3.4941143890432618,0.12919275666302218,0.01996134,38845.28,0.0
compo_29,grad7-CrMo mesure 6,6.65,7.5,32.98,0.0,52.88,8.4,9.65,43.85,0.0,38.1,278.3712195986294,17.476607484529026,7.390779618884893,0.18005397519759883,0.02295594,39323.42,1.0
compo_30,grad7-CrMo mesure 7,7.45,8.58,32.37,0.0,51.6,9.35,10.97,42.74,0.0,36.93,268.9801373383669,16.980681834186733,4.604596950897543,0.524398899133789,0.0225915,39007.14,1.0
compo_31,grad7-CrMo mesure 8,8.28,9.73,31.73,0.0,50.26,10.32,12.35,41.61,0.0,35.72,264.9297425543617,17.461145555997323,8.602776828080525,0.07857960877687288,0.02368094,38418.86,1.0
compo_32,grad7-CrMo mesure 9,9.25,11.05,31.44,0.0,48.26,11.4,13.89,40.78,0.0,33.93,257.1166048761275,17.43729462235012,6.57849401756384,0.6094288947131714,0.0147478,35343.68,0
compo_33,grad7-CrMo mesure 10,10.52,12.55,30.72,0.0,46.21,12.83,15.59,39.43,0.0,32.14,183.50152525440598,12.910720127553564,3.3594516608219367,0.19066475351693626,0.0147478,35343.68,0
compo_34,grad7-CrMo mesure 11,11.78,14.33,29.88,0.0,44.0,14.22,17.61,37.92,0.0,30.26,185.233870348548,12.97086042216645,4.418508971082656,0.15902761719694017,0.0147478,35343.68,0
compo_35,grad7-CrMo mesure 12,13.18,16.0,29.25,0.0,41.57,15.7,19.42,36.65,0.0,28.23,181.2430851168186,12.786241665738109,5.643718394612554,0.13364776049862315,0.0147478,35343.68,0
compo_36,grad7-NbZr mesure 1,14.09,17.13,28.79,0.0,39.99,16.65,20.62,35.79,0.0,26.94,179.344260460152,12.65818025939716,5.018653814023506,0.2868030618046529,0.0147478,35343.68,0
compo_37,grad7-NbZr mesure 2,15.7,18.94,27.77,0.0,37.6,18.33,22.52,34.12,0.0,25.03,171.10076757278347,12.404436661935708,5.525876322005978,0.2497841076918776,0.0147478,35343.68,0
compo_38,grad7-NbZr mesure 3,18.86,23.36,25.53,0.0,32.25,21.46,27.07,30.56,0.0,20.92,160.16778365496015,12.00566219668969,1.1007066783146149,0.18727585089606769,0.0147478,35343.68,0
compo_39,grad7-NbZr mesure 4,20.48,25.74,24.2,0.0,29.58,23.0,29.46,28.6,0.0,18.94,158.6552735472622,11.858586843548187,3.3981901290394445,0.15494426259517477,0.0147478,35343.68,0
compo_40,grad7-NbZr mesure 5,22.21,27.93,22.79,0.0,27.08,24.66,31.58,26.61,0.0,17.14,150.4345438689423,11.692421526537988,3.3141854438691656,0.07385643926019862,0.0147478,35343.68,0
compo_41,grad7-NbZr mesure 6,23.73,30.62,21.35,0.0,24.3,26.01,34.18,24.62,0.0,15.19,137.14937488640516,11.27222053501475,2.4761885611754924,0.1040696476052135,0.0147478,35343.68,0
compo_42,grad7-NbZr mesure 7,25.54,32.96,19.76,0.0,21.74,27.68,36.38,22.52,0.0,13.42,148.6313720700469,10.971675801486638,3.6612718647098905,0.12993377077997745,0.0147478,35343.68,0
compo_43,grad7-NbZr mesure 8,28.1,36.11,17.29,0.0,18.5,30.01,39.29,19.43,0.0,11.26,134.41445531383437,10.438318266349171,1.1783366046852453,0.10685597469464571,0.0147478,35343.68,0
compo_44,grad7-NbZr mesure 9,28.81,38.14,16.37,0.0,16.68,30.53,41.16,18.24,0.0,10.08,138.32140111783644,10.215307485946438,0.5850227530674063,0.01877926809397669,0.0147478,35343.68,0
compo_45,grad7-NbZr mesure 10,30.39,40.66,14.54,0.0,14.42,31.88,43.45,16.04,0.0,8.62,132.23347353122153,9.878208372116351,3.125295689419355,0.09752210923229256,0.0147478,35343.68,0
compo_46,grad7-NbZr mesure 11,31.29,42.99,13.35,0.0,12.37,32.54,45.53,14.6,0.0,7.33,125.79454709247098,9.59162810286591,1.4236549459993217,0.09906370970787486,0.0147478,35343.68,0
compo_47,grad8-CrMo mesure 1,3.75,0.0,33.97,5.33,56.95,5.02,0.0,47.81,3.74,43.43,250.09246913963543,15.02881875272767,4.247926067918273,0.1670100160416467,0.1333845,53012.94,1.0
compo_48,grad8-CrMo mesure 2,4.23,0.0,33.24,6.22,56.31,5.67,0.0,46.89,4.38,43.05,251.45208849647574,14.487755353937061,0.6558245081905901,0.4619133970148743,0.2008858,57436.47,1.0
compo_49,grad8-CrMo mesure 3,4.83,0.0,32.63,6.93,55.61,6.48,0.0,46.07,4.89,42.55,262.0883742214608,14.804563859654298,6.339446431498793,0.6481415705403644,0.20818620000000002,57731.11,1.0
compo_50,grad8-CrMo mesure 4,5.32,0.0,31.67,8.35,54.65,7.17,0.0,44.91,5.91,42.0,256.72350456016574,14.498873725205481,9.075810178858603,0.32743029631482373,0.17595629999999998,54987.99,1.0
compo_51,grad8-CrMo mesure 5,6.06,0.0,31.12,9.63,53.2,8.17,0.0,44.13,6.82,40.89,259.3473410869695,14.96830751227585,5.145777112301171,0.1101694245714049,0.1413539,52734.14,1.0
compo_52,grad8-CrMo mesure 6,6.76,0.0,30.37,11.17,51.71,9.13,0.0,43.14,7.92,39.81,253.35970650949943,15.087157946173111,2.846218469459078,0.20592295052389253,0.0866479,48938.56,1.0
compo_53,grad8-CrMo mesure 7,7.56,0.0,29.43,13.11,49.9,10.24,0.0,41.92,9.32,38.52,252.7707559687476,15.04140123129479,1.1126214886695158,0.11512486666536366,0.1488807,53609.42,1.0
compo_54,grad8-CrMo mesure 8,8.42,0.0,28.69,14.88,48.01,11.42,0.0,40.89,10.59,37.1,232.940083172718,15.179230332780742,1.8106432992671282,0.7734104364146509,0.0147478,35343.68,0
compo_55,grad8-CrMo mesure 9,9.57,0.0,27.75,16.72,45.95,12.98,0.0,39.59,11.91,35.52,182.5117061257753,12.590345539578092,3.029990459798722,0.1848003857988936,0.0147478,35343.68,0
compo_56,grad8-CrMo mesure 10,10.7,0.0,26.82,18.93,43.56,14.52,0.0,38.28,13.49,33.7,176.7894064765741,12.585051679831537,1.8626025222942184,0.17755181729983152,0.0147478,35343.68,0
compo_57,grad8-CrMo mesure 11,11.79,0.0,25.76,21.37,41.09,16.03,0.0,36.85,15.26,31.86,170.39100598353735,12.257603203649603,4.351389160567306,0.1935483305182546,0.0147478,35343.68,0
compo_58,grad8-TiZr mesure 1,12.61,0.0,24.92,23.17,39.3,17.18,0.0,35.71,16.58,30.53,163.66035232225187,12.102601195400887,2.0098116166668727,0.0442640952152801,0.0147478,35343.68,0
compo_59,grad8-TiZr mesure 2,13.78,0.0,23.76,25.87,36.6,18.82,0.0,34.13,18.55,28.5,161.16068244667414,11.91451715169544,3.7082595517217323,0.01679040499287271,0.0147478,35343.68,0
compo_60,grad8-TiZr mesure 3,15.05,0.0,22.46,28.61,33.88,20.61,0.0,32.36,20.58,26.46,155.76805723109237,11.372019107072186,3.4502542787301222,0.2590874738824456,0.0147478,35343.68,0
compo_61,grad8-TiZr mesure 4,16.24,0.0,20.92,31.57,31.27,22.35,0.0,30.29,22.82,24.54,147.4719868118337,11.06517350172269,3.214003410049336,0.041552939688966735,0.0147478,35343.68,0
compo_62,grad8-TiZr mesure 5,17.48,0.0,19.61,34.37,28.55,24.13,0.0,28.48,24.92,22.47,142.39297818427735,10.511166691184552,4.682744506450617,0.23236800013169756,0.0147478,35343.68,0
compo_63,grad8-TiZr mesure 6,18.8,0.0,18.06,37.34,25.8,26.07,0.0,26.35,27.19,20.39,135.63183461715155,10.247022722812815,1.6839187247494696,0.21524568281224124,0.0147478,35343.68,0
compo_64,grad8-TiZr mesure 7,19.99,0.0,16.52,40.33,23.17,27.86,0.0,24.21,29.52,18.41,130.51300798827805,9.505847342950776,1.9951561223557168,0.16036346406063864,0.0147478,35343.68,0
compo_65,grad8-TiZr mesure 8,21.35,0.0,15.19,42.74,20.72,29.83,0.0,22.32,31.35,16.5,121.70710933913217,9.093568869823978,2.8394187147323575,0.08276137045282846,0.0147478,35343.68,0
compo_66,grad8-TiZr mesure 9,22.55,0.0,13.51,45.8,18.15,31.69,0.0,19.97,33.8,14.54,116.73020843521472,8.372667335558972,2.2370368425834215,0.10753102415760751,0.0147478,35343.68,0
compo_67,grad8-TiZr mesure 10,23.95,0.0,11.89,48.55,15.61,33.8,0.0,17.65,35.98,12.56,112.59298843657756,8.194538131267016,3.0464036994430908,0.3899796338551467,0.0147478,35343.68,0
compo_68,grad8-TiZr mesure 11,24.54,0.0,11.5,49.03,14.92,34.61,0.0,17.07,36.32,12.0,115.33218550961541,8.727646854442373,4.135288214243598,0.1493859598031125,0.0147478,35343.68,0
compo_69,grad9-NbCr mesure 1,3.31,31.5,0.0,5.31,59.87,4.97,44.0,0.0,3.59,47.45,160.4270470898133,13.20617483825272,4.303731599633843,0.07558064348639196,0.0147478,35343.68,0
compo_70,grad9-NbCr mesure 2,4.31,30.5,0.0,6.31,58.87,5.97,43.0,0.0,4.59,46.45,170.66432707094563,13.311344614214772,4.493951383039818,0.2652481570521517,0.0147478,35343.68,0
compo_71,grad9-NbCr mesure 3,5.52,28.91,0.0,8.57,57.0,7.67,40.92,0.0,6.26,45.15,176.24004837207346,13.106419258046472,2.9568787717700977,0.07190860468775682,0.0147478,35343.68,0
compo_72,grad9-NbCr mesure 4,6.26,28.4,0.0,9.9,55.44,8.7,40.18,0.0,7.22,43.9,171.53999152614023,12.773295790376782,4.322459360759536,0.1764686213318886,0.0147478,35343.68,0
compo_73,grad9-NbCr mesure 5,7.06,27.53,0.0,11.31,54.1,9.83,39.0,0.0,8.27,42.9,173.8027029328747,12.761328363563582,3.833073102580843,0.27614551855737,0.0147478,35343.68,0
compo_74,grad9-NbCr mesure 6,7.89,26.83,0.0,13.12,52.16,10.99,38.03,0.0,9.59,41.39,174.39509107356588,12.589284073804933,4.5392538431626965,0.1601711111658901,0.0147478,35343.68,0
compo_75,grad9-NbCr mesure 7,8.9,26.03,0.0,14.95,50.13,12.39,36.91,0.0,10.93,39.78,167.178644369069,12.264438674202019,3.9588827926672074,0.24959661049186524,0.0147478,35343.68,0
compo_76,grad9-NbCr mesure 8,9.68,25.27,0.0,17.07,47.99,13.49,35.88,0.0,12.5,38.13,163.61333744427876,11.738618186945729,2.576801792819629,0.15605239207107227,0.0147478,35343.68,0
compo_77,grad9-NbCr mesure 9,10.75,24.54,0.0,19.12,45.59,14.98,34.82,0.0,13.99,36.21,157.62832048374418,11.691866471438031,1.6951332875170135,0.08002962537871944,0.0147478,35343.68,0
compo_78,grad9-NbCr mesure 10,11.71,23.59,0.0,21.5,43.2,16.35,33.53,0.0,15.76,34.37,156.28736284504916,11.227786369891712,1.151098179476871,0.03156346577418414,0.0147478,35343.68,0
compo_79,grad9-NbCr mesure 11,12.86,22.81,0.0,23.93,40.4,17.94,32.41,0.0,17.53,32.12,149.9370353999519,10.731522447094438,2.209540776811406,0.046859555681942035,0.0147478,35343.68,0
compo_80,grad9-NbCr mesure 12,13.93,21.89,0.0,26.5,37.68,19.46,31.13,0.0,19.43,29.99,149.07711476063452,10.472651439740167,1.6184388263441938,0.09540190654687171,0.0147478,35343.68,0
compo_81,grad9-NbCr mesure 13,14.07,21.61,0.0,26.86,37.47,19.66,30.76,0.0,19.72,29.85,150.55081393079277,10.474516768318182,3.3810456821579016,0.10594094134568091,0.0147478,35343.68,0
compo_82,grad9-TiZr mesure 1,15.25,20.54,0.0,29.87,34.34,21.34,29.29,0.0,21.96,27.41,106.2369323616424,9.035662805897658,2.132953929558244,0.19019033465153934,0.0147478,35343.68,0
compo_83,grad9-TiZr mesure 2,16.44,19.52,0.0,32.58,31.46,23.04,27.86,0.0,23.97,25.13,128.23830592766396,9.221275226264357,2.83352489782042,0.08990700708779589,0.0147478,35343.68,0
compo_84,grad9-TiZr mesure 3,17.49,18.3,0.0,35.52,28.69,24.58,26.21,0.0,26.22,22.99,128.8841303852651,8.724551783911766,3.9016878544565654,0.11910079995064587,0.0147478,35343.68,0
compo_85,grad9-TiZr mesure 4,18.61,17.26,0.0,38.32,25.81,26.21,24.75,0.0,28.33,20.71,124.65908679977618,8.308420129821751,0.7164292267778386,0.11868818374726155,0.0147478,35343.68,0
compo_86,grad9-TiZr mesure 5,19.7,15.9,0.0,41.11,23.28,27.84,22.89,0.0,30.51,18.76,116.85739547689425,7.79059199650889,4.783062833588017,0.1288159398850604,0.0147478,35343.68,0
compo_87,grad9-TiZr mesure 6,20.76,14.71,0.0,43.86,20.66,29.43,21.24,0.0,32.64,16.69,111.67252945362836,7.608262299195796,2.5909331766048154,0.09648552291820502,0.01908072,39842.08,0.0
compo_88,grad9-TiZr mesure 7,21.91,13.32,0.0,46.61,18.17,31.16,19.29,0.0,34.81,14.73,119.61601461450091,8.531236639486735,1.6211977957881996,0.05295448554956595,0.0147478,35343.68,0
compo_89,grad9-TiZr mesure 8,22.99,12.08,0.0,49.22,15.71,32.8,17.55,0.0,36.87,12.77,117.06644754780461,8.69525698136168,3.0703547210629454,0.1760035490774119,0.0147478,35343.68,0
compo_90,grad9-TiZr mesure 9,24.08,10.61,0.0,51.93,13.38,34.5,15.49,0.0,39.07,10.93,111.52977558313614,8.475684915758169,1.9988122944347875,0.11541292495065684,0.0147478,35343.68,0
compo_91,grad9-TiZr mesure 10,25.4,9.34,0.0,53.88,11.38,36.45,13.65,0.0,40.6,9.3,105.71807375498375,8.033012932904146,2.7307128383702044,0.11594695609105522,0.0147478,35343.68,0
compo_92,grad9-TiZr mesure 11,26.5,8.23,0.0,55.94,9.34,38.08,12.04,0.0,42.22,7.65,100.13272985849841,7.315246424878643,1.0010022560584084,0.08859944010018199,0.0147478,35343.68,0
compo_93,grad10-NbMo mesure 1,5.64,39.76,51.88,2.71,0.0,5.52,39.65,53.43,1.39,0.0,225.93933761839168,12.839713432332085,9.27626030576677,0.8307210755251249,0.10992629999999999,46876.79,1.0
compo_94,grad10-NbMo mesure 2,6.0,39.09,50.99,3.92,0.0,5.91,39.22,52.84,2.03,0.0,225.23666843998407,12.523790600902526,4.2431825014185085,0.3628560476559095,0.172147,50094.25,1.0
compo_95,grad10-NbMo mesure 3,6.68,38.57,50.15,4.6,0.0,6.61,38.84,52.16,2.39,0.0,223.1041389290622,12.257904704588341,0.7363449388427225,0.158086515323175,0.1354854,47525.52,1.0
compo_96,grad10-NbMo mesure 4,7.36,37.72,48.61,6.32,0.0,7.34,38.33,51.01,3.31,0.0,216.86725811493025,12.239406497527998,1.1968071852094468,0.2881266813366655,0.1314481,47198.19,1.0
compo_97,grad10-NbMo mesure 5,8.11,36.83,47.48,7.57,0.0,8.15,37.69,50.17,3.99,0.0,216.23769758720596,11.578012866437575,5.844584136810754,0.08771591741071331,0.04365628,48603.29,1.0
compo_98,grad10-NbMo mesure 6,8.9,35.98,46.05,9.07,0.0,9.01,37.11,49.05,4.82,0.0,214.39438911239176,11.770090446558928,8.498889229198268,0.5827940405888047,0.0845386,44508.17,1.0
compo_99,grad10-NbMo mesure 7,9.82,34.86,44.49,10.83,0.0,10.04,36.3,47.85,5.81,0.0,208.24731853750933,11.272524607729672,8.002275683092964,0.01899369952387746,0.06136465,43051.03,1.0
compo_100,grad10-NbMo mesure 8,10.64,33.93,42.75,12.68,0.0,10.99,35.69,46.44,6.88,0.0,204.94610961633825,11.216679302314294,3.1188683366308934,0.27849938328273405,0.05234287,42638.79,1.0
compo_101,grad10-NbMo mesure 9,11.48,32.76,41.06,14.71,0.0,11.99,34.84,45.1,8.07,0.0,196.5169691260915,10.792107902738572,2.5918897979830575,0.33609406271885467,0.06155348,43095.79,1.0
compo_102,grad10-NbMo mesure 10,12.53,31.65,39.18,16.64,0.0,13.22,34.04,43.51,9.22,0.0,197.6478152884141,11.066335002253624,0.8133467499137542,0.3550003545691986,0.07024246,43490.85,1.0
compo_103,grad10-NbMo mesure 11,13.41,30.11,37.08,19.4,0.0,14.38,32.88,41.81,10.93,0.0,192.8011843878355,10.7464420792198,3.4895046053578667,0.14438026328384415,0.06621779,43039.02,1.0
compo_104,grad10-NbMo mesure 12,14.65,28.77,34.77,21.81,0.0,15.93,31.86,39.76,12.45,0.0,191.1467120890414,10.740656070917899,4.340066489450625,0.13447794865815993,0.0597902,42471.54,1.0
compo_105,grad10-NbMo mesure 13,15.85,27.04,32.64,24.46,0.0,17.5,30.41,37.9,14.18,0.0,180.9043271198237,10.239261705984934,4.244999755080045,0.4018338843286677,0.07059774,43142.6,1.0
compo_106,grad10-TiZr mesure 1,16.48,26.43,31.55,25.54,0.0,18.31,29.91,36.87,14.9,0.0,161.81330361826508,10.279075719118246,2.1789931592447678,0.2885111675686969,0.04218105,44072.61,1.0
compo_107,grad10-TiZr mesure 2,17.58,25.06,29.13,28.23,0.0,19.86,28.82,34.59,16.74,0.0,166.63460506500692,10.262722216730493,4.445592284967634,0.033074154685702115,0.04256815,44199.12,1.0
compo_108,grad10-TiZr mesure 3,18.85,23.21,26.66,31.28,0.0,21.68,27.19,32.25,18.89,0.0,165.1873343115181,10.043779288815893,4.243779104079831,0.1315173521311801,0.03791868,43910.76,1.0
compo_109,grad10-TiZr mesure 4,19.98,21.61,24.5,33.91,0.0,23.35,25.73,30.12,20.81,0.0,165.7204534549906,9.930054994881095,5.124472969589546,0.2805107379274302,0.03217093,43660.72,1.0
compo_110,grad10-TiZr mesure 5,21.11,19.95,22.16,36.78,0.0,25.12,24.17,27.73,22.98,0.0,154.2907610300219,9.070949867880975,4.4718774323601345,0.19335753968966846,0.02821477,43234.14,1.0
compo_111,grad10-TiZr mesure 6,22.12,18.16,19.86,39.86,0.0,26.83,22.44,25.34,25.39,0.0,157.77871925570145,9.70434063560095,3.811473660058012,0.48583543784440475,0.02750882,43251.43,1.0
compo_112,grad10-TiZr mesure 7,23.25,16.48,17.7,42.57,0.0,28.7,20.72,22.98,27.59,0.0,156.27582771431793,9.485609851502293,1.371023292269996,0.32209924863054296,0.02361583,42835.98,1.0
compo_113,grad10-TiZr mesure 8,24.01,14.82,15.62,45.54,0.0,30.22,19.0,20.68,30.1,0.0,152.93551847792946,9.374784477484656,2.6226049904984974,0.304032683965292,0.02410824,42677.15,1.0
compo_114,grad10-TiZr mesure 9,25.03,13.12,13.73,48.11,0.0,32.05,17.11,18.49,32.35,0.0,155.23743733192046,8.951803598968791,3.2848285845785368,0.10466717181118625,0.02258657,42499.41,1.0
compo_115,grad10-TiZr mesure 10,26.12,11.71,11.9,50.27,0.0,33.95,15.5,16.26,34.3,0.0,144.83164807119613,8.87132620982253,2.3431063911805605,0.4379236027158955,0.02053898,42099.87,1.0
compo_116,grad10-TiZr mesure 11,26.94,10.21,10.06,52.79,0.0,35.61,13.75,13.98,36.65,0.0,143.51606176720196,9.064874759626022,6.847748079168861,0.09694575915745908,0.0147478,35343.68,0
compo_117,grad10-TiZr mesure 12,28.0,8.93,8.29,54.78,0.0,37.54,12.2,11.69,38.57,0.0,144.6750152244718,9.15065559104303,2.2827439707262944,0.15040310356180916,0.0147478,35343.68,0
compo_118,grad11-Nb mesure 1,7.63,87.24,0.0,5.12,0.0,7.7,89.59,0.0,2.71,0.0,132.02905266228146,3.8794806508018223,6.906133363201983,0.03132833519190272,0.1028924,52025.13,1.0
compo_119,grad11-Nb mesure 2,8.48,85.24,0.0,6.28,0.0,8.6,88.06,0.0,3.34,0.0,134.54490876946755,3.9534914963263814,5.347845070235509,0.09790736893614979,0.08958916,51350.68,1.0
compo_120,grad11-Nb mesure 3,7.37,85.6,0.0,7.03,0.0,7.5,88.74,0.0,3.76,0.0,139.26489330200562,3.9937540966721294,5.597418356804533,0.07022062357773916,0.6895373,78698.85,1.0
compo_121,grad11-Nb mesure 4,8.32,82.09,0.0,9.58,0.0,8.59,86.22,0.0,5.19,0.0,136.21188090219746,4.50952835769626,3.8611087648803943,0.20194810889280002,0.05105907,49527.74,1.0
compo_122,grad11-Nb mesure 5,10.68,77.1,0.0,12.22,0.0,11.16,82.12,0.0,6.71,0.0,131.48252134384697,4.49740446815049,4.4242605801985775,0.12269645607570061,0.04937005,48487.92,1.0
compo_123,grad11-Nb mesure 6,11.8,74.78,0.0,13.42,0.0,12.42,80.17,0.0,7.42,0.0,134.70174589685715,4.559590459018369,0.08822194068698229,0.18589685239360548,0.05724289,49006.85,1.0
compo_124,grad11-Nb mesure 7,12.73,71.11,0.0,16.16,0.0,13.6,77.34,0.0,9.06,0.0,132.3262014502633,4.634664703039361,2.72969077037399,0.17703947109224685,0.04626738,48802.18,1.0
compo_125,grad11-Nb mesure 8,13.43,68.03,0.0,18.53,0.0,14.53,74.94,0.0,10.53,0.0,143.22460163760093,5.059969416090331,5.475699744601569,0.2096136227849903,0.05116246,48596.19,1.0
compo_126,grad11-Nb mesure 9,14.54,64.4,0.0,21.06,0.0,15.94,71.93,0.0,12.13,0.0,137.70950899599612,4.829571695283173,9.004791150709643,0.3081946606478506,0.03992642,47935.95,1.0
compo_127,grad11-Nb mesure 10,15.61,60.72,0.0,23.66,0.0,17.37,68.8,0.0,13.82,0.0,132.17895288214294,4.825682794167664,3.7807985789858902,0.28209205975228097,0.0386345,47817.27,1.0
compo_128,grad11-Nb mesure 11,16.47,57.0,0.0,26.53,0.0,18.62,65.63,0.0,15.75,0.0,133.27300306667286,5.255662512077434,4.40658956842925,0.22975473934119445,0.04298507,47956.25,1.0
compo_129,grad11-Nb mesure 12,17.32,53.09,0.0,29.59,0.0,19.92,62.21,0.0,17.87,0.0,135.5713263580507,5.4625487573520095,3.255655125804034,0.12150838138138652,0.03195407,47261.18,1.0
compo_130,grad11-TiZr mesure 1,17.84,51.26,0.0,30.9,0.0,20.68,60.51,0.0,18.81,0.0,132.78243848320662,5.388610014253356,6.741749101178437,0.2532089781753506,0.02917875,46918.46,1.0
compo_131,grad11-TiZr mesure 2,18.81,47.7,0.0,33.49,0.0,22.14,57.17,0.0,20.7,0.0,129.41798159513883,5.639778306829646,2.377152757349319,0.0004262086918216969,0.0260959,46530.32,1.0
compo_132,grad11-TiZr mesure 3,19.58,43.7,0.0,36.72,0.0,23.49,53.39,0.0,23.13,0.0,130.1316317839199,5.721708133251943,2.4674639534600575,0.3033114226719959,0.02428299,46390.33,1.0
compo_133,grad11-TiZr mesure 4,20.41,39.97,0.0,39.63,0.0,24.91,49.69,0.0,25.4,0.0,133.9234877131339,5.765980795876186,3.6646108350761146,0.2528432869161414,0.02631919,46854.46,1.0
compo_134,grad11-TiZr mesure 5,21.08,36.47,0.0,42.45,0.0,26.18,46.14,0.0,27.69,0.0,125.41745854999465,5.504519344018853,2.3046248757776593,0.13302158314658818,0.02202883,46386.48,1.0
compo_135,grad11-TiZr mesure 6,21.84,32.66,0.0,45.5,0.0,27.64,42.11,0.0,30.25,0.0,123.07908414885469,5.624023883119338,6.4166650723480485,0.4904146047615977,0.0212451,46088.73,1.0
compo_136,grad11-TiZr mesure 7,22.83,29.07,0.0,48.1,0.0,29.38,38.11,0.0,32.51,0.0,120.3844784125085,5.754650485923373,5.643556285800613,0.49339708956953493,0.0147478,35343.68,0
compo_137,grad11-TiZr mesure 8,23.62,25.72,0.0,50.66,0.0,30.91,34.27,0.0,34.81,0.0,111.73872660762217,5.490846702074919,5.478577223636654,0.3146460215978333,0.0147478,35343.68,0
compo_138,grad11-TiZr mesure 9,24.54,22.13,0.0,53.33,0.0,32.69,30.01,0.0,37.3,0.0,109.68662514287206,5.434994114732372,4.234014741232457,0.22649730423967324,0.0147478,35343.68,0
compo_139,grad11-TiZr mesure 10,25.42,18.77,0.0,55.81,0.0,34.42,25.89,0.0,39.68,0.0,106.79094349415621,5.374094133011823,2.681104890063168,0.050534294814388404,0.0147478,35343.68,0
compo_140,grad11-TiZr mesure 11,26.27,15.54,0.0,58.2,0.0,36.16,21.78,0.0,42.06,0.0,110.02996287410213,5.891911490383867,1.7970037360639097,0.2810783506335425,0.0147478,35343.68,0
compo_141,grad11-TiZr mesure 12,27.2,12.93,0.0,59.87,0.0,37.89,18.34,0.0,43.78,0.0,109.49727317395941,6.131319829591023,2.5041591436952277,0.16171958295862332,0.0147478,35343.68,0
compo_142,grad12-Nb mesure 1,5.14,79.71,8.07,2.45,4.63,5.2,82.23,8.59,1.31,2.67,146.87578162524926,6.738571285811088,2.50569284507304,0.06287616480723354,0.02590686,44072.68,1.0
compo_143,grad12-Nb mesure 2,5.47,77.38,8.94,2.45,5.77,5.57,80.21,9.57,1.31,3.34,147.87278366094418,7.255875311368614,2.5289474478945717,0.12559848806862162,0.03223519,44336.83,1.0
compo_144,grad12-Nb mesure 3,5.72,73.88,9.95,3.05,7.39,5.88,77.37,10.76,1.65,4.33,150.37905035195013,7.10415629114491,3.6482496493604875,0.32758904452961035,0.06609693,46608.48,1.0
compo_145,grad12-Nb mesure 4,6.19,71.14,10.71,3.06,8.9,6.41,75.02,11.66,1.66,5.25,157.303957122224,7.436865045101565,1.1932333151912542,0.27202562344230935,0.06420066,46576.17,1.0
compo_146,grad12-Nb mesure 5,6.53,67.37,11.61,4.05,10.44,6.84,71.9,12.79,2.23,6.23,163.69513491188417,7.8526337699304065,6.749601659714411,0.0953478157653781,0.05419054,45458.03,1.0
compo_147,grad12-Nb mesure 6,6.95,63.0,12.82,5.03,12.2,7.38,68.12,14.32,2.8,7.38,168.26349243266765,8.656401475976114,1.0979405889885132,0.2999934517410372,0.05163688,45197.84,1.0
compo_148,grad12-Nb mesure 7,7.21,59.27,13.6,6.4,13.54,7.75,64.95,15.39,3.61,8.3,161.72719805742776,8.895033815870578,12.009113905258891,0.11861477216525443,0.04190337,44270.29,1.0
compo_149,grad12-Nb mesure 8,7.7,55.17,14.35,7.73,15.05,8.41,61.32,16.47,4.43,9.36,169.62036911217552,9.098135338462479,8.639121519298756,0.458669448122002,0.04477604,45044.02,1.0
compo_150,grad12-Nb mesure 9,8.31,51.55,14.86,8.81,16.47,9.19,58.04,17.28,5.11,10.38,169.7769915511477,9.402847282796756,0.7767110431338636,0.36749607670823115,0.09539693,47639.16,1.0
compo_151,grad12-Nb mesure 10,8.93,47.55,15.47,10.23,17.82,10.02,54.31,18.25,6.03,11.39,176.8074743580293,10.112370859867674,14.1294295553816,1.1305118609732765,0.1465434,50261.41,1.0
compo_152,grad12-Nb mesure 11,9.28,43.24,16.21,11.72,19.56,10.59,50.23,19.45,7.02,12.72,170.9735132280873,9.59304258221096,15.226000696245233,1.072637189169883,0.1371491,49809.27,1.0
compo_153,grad12-Nb mesure 12,9.5,39.78,16.77,12.78,21.17,10.99,46.88,20.41,7.76,13.96,178.24782222381987,10.935317957466117,40.26737463323406,0.48198853447132184,0.1281994,48213.38,1.0
compo_154,grad12-Nb mesure 13,9.69,35.6,17.11,14.07,23.53,11.43,42.79,21.23,8.72,15.83,147.42670817725195,10.88571151568149,1.4562946398690453,0.10545266146850492,0.01921754,40795.52,0.0
compo_155,grad12-TiZrCrMo mesure 1,9.93,33.59,17.22,14.73,24.53,11.83,40.74,21.56,9.21,16.65,145.28367943644128,10.650248979169636,6.321073164178235,0.5752220763678128,0.01914915,41566.52,0.0
compo_156,grad12-TiZrCrMo mesure 2,10.33,30.54,17.85,15.45,25.84,12.44,37.45,22.61,9.77,17.73,149.1503122215011,10.942096743082814,3.6179157789526357,0.19195139850729712,0.0147478,35343.68,0
compo_157,grad12-TiZrCrMo mesure 3,10.79,27.62,18.36,16.14,27.1,13.14,34.25,23.5,10.31,18.8,148.91446941736262,11.167160555442743,1.945751521284852,0.061764045564055896,0.0147478,35343.68,0
compo_158,grad12-TiZrCrMo mesure 4,10.97,24.8,18.86,17.19,28.18,13.52,31.12,24.45,11.12,19.79,148.85858893209186,11.2703073028451,3.2878319517114662,0.10974532480823891,0.0147478,35343.68,0
compo_159,grad12-TiZrCrMo mesure 5,11.26,22.12,19.12,18.1,29.4,14.05,28.1,25.09,11.86,20.91,146.66369214340105,11.350746117511054,3.692268435037113,0.20008849005393695,0.0147478,35343.68,0
compo_160,grad12-TiZrCrMo mesure 6,11.74,19.41,19.53,18.76,30.56,14.8,24.92,25.9,12.42,21.96,149.25403203311646,11.443868236375899,1.4168423194254693,0.06347281146423286,0.0147478,35343.68,0
compo_161,grad12-TiZrCrMo mesure 7,12.04,16.61,20.08,19.73,31.53,15.36,21.58,26.93,13.21,22.92,147.85428409721595,11.572627350402971,2.100302358251859,0.09340723847510483,0.0147478,35343.68,0
compo_162,grad12-TiZrCrMo mesure 8,12.48,14.48,20.33,20.21,32.5,16.05,18.97,27.5,13.65,23.82,147.85416855847114,11.576747427529188,0.364715717167496,0.14256890127513971,0.0147478,35343.68,0
compo_163,grad12-TiZrCrMo mesure 9,12.9,12.08,20.79,20.98,33.25,16.75,15.97,28.38,14.3,24.6,150.13055817842388,11.63441440806287,5.329547876903221,0.21936810493999956,0.0147478,35343.68,0
compo_164,grad12-TiZrCrMo mesure 10,13.41,9.67,21.02,21.83,34.07,17.58,12.92,29.0,15.03,25.47,147.15426970130676,11.76223868967493,0.88475577056246,0.09595062672880589,0.0147478,35343.68,0
compo_165,grad12-TiZrCrMo mesure 11,13.86,8.02,21.44,22.18,34.49,18.26,10.77,29.72,15.35,25.9,148.18117743839818,11.640220671098335,2.060635103964021,0.1657228211742283,0.0147478,35343.68,0
compo_166,grad12-TiZrCrMo mesure 12,14.26,6.7,21.86,21.94,35.25,18.84,9.01,30.37,15.22,26.55,144.1056011564197,11.674051175295347,1.5711794462127886,0.09007315712985202,0.0147478,35343.68,0
compo_167,grad13-Nb mesure 1,0.0,83.09,12.81,4.1,0.0,0.0,84.41,13.44,2.15,0.0,150.98569489528623,4.6694886044674435,3.9225300172327398,0.20072987476048887,0.2913553,57980.77,1.0
compo_168,grad13-Nb mesure 2,0.0,83.98,15.2,0.82,0.0,0.0,83.89,15.68,0.42,0.0,157.2814102225178,4.174667448990891,16.331201787342,0.6790974893179512,0.8238656999999999,91219.87,1.0
compo_169,grad13-Nb mesure 3,0.0,82.46,16.98,0.55,0.0,0.0,82.23,17.49,0.28,0.0,166.32635750927872,4.51431050930736,5.502658128208826,0.04415544977031009,0.9041234,98453.55,1.0
compo_170,grad13-Nb mesure 4,0.0,80.09,18.88,1.03,0.0,0.0,80.0,19.47,0.53,0.0,168.88055825720966,4.719238303476722,2.458224878181985,0.08069957307266608,0.8928050999999999,99791.73,1.0
compo_171,grad13-Nb mesure 5,0.0,77.34,21.22,1.44,0.0,0.0,77.34,21.91,0.74,0.0,177.11569911756962,5.073930141293381,5.03000060055968,0.032417548492678985,0.8759905000000001,100019.5,1.0
compo_172,grad13-Nb mesure 6,0.0,74.74,23.2,2.06,0.0,0.0,74.92,24.02,1.06,0.0,180.42457289201425,5.46680982313991,6.9903298033329895,0.03778286563956532,0.8640223,100095.6,1.0
compo_173,grad13-Nb mesure 7,0.0,72.01,25.23,2.76,0.0,0.0,72.38,26.19,1.43,0.0,186.08441108118367,5.8213112586049,1.977443593596224,0.12010433177797841,0.8489267,99677.63,1.0
compo_174,grad13-Nb mesure 8,0.0,68.33,27.9,3.76,0.0,0.0,68.96,29.08,1.96,0.0,192.84640969705524,6.266859538000361,1.4914107693719334,0.027072809314533295,0.879225,102162.3,1.0
compo_175,grad13-Nb mesure 9,0.0,64.85,30.18,4.97,0.0,0.0,65.78,31.62,2.6,0.0,202.31388329722358,6.673130644396792,2.3044751345541923,0.025815709367371636,0.879393,104793.7,1.0
compo_176,grad13-Nb mesure 10,0.0,61.03,33.04,5.93,0.0,0.0,62.15,34.74,3.11,0.0,208.41777686097936,6.822961987530876,5.862382277934636,0.39394016267825543,0.8866364999999999,105419.6,1.0
compo_177,grad13-Nb mesure 11,0.0,58.8,36.19,5.01,0.0,0.0,59.54,37.84,2.62,0.0,214.45503766658095,7.437884702538885,5.866249502881081,0.012721115995952822,0.8912378000000001,105825.8,1.0
compo_178,grad13-Nb mesure 12,0.0,55.31,38.64,6.05,0.0,0.0,56.25,40.58,3.17,0.0,218.99342064845322,7.757783427480863,5.057810217828858,0.037545248975745696,0.9001847,108334.4,1.0
compo_179,grad13-TiMo mesure 1,0.0,53.86,40.51,5.63,0.0,0.0,54.63,42.43,2.94,0.0,206.8862864856912,7.9991920367215,4.894077950173509,0.034297318082467526,0.9144061,98633.53,1.0
compo_180,grad13-TiMo mesure 2,0.0,50.67,43.26,6.07,0.0,0.0,51.46,45.36,3.18,0.0,216.96630756135764,8.332984275689045,2.9232806068504265,0.09541184747799501,0.9196291999999999,101837.8,1.0
compo_181,grad13-TiMo mesure 3,0.0,43.37,42.51,14.12,0.0,0.0,45.87,46.43,7.7,0.0,252.3843983362869,9.868302471284053,14.28495962837957,0.6519532846946674,0.6044613,79965.08,1.0
compo_182,grad13-TiMo mesure 4,0.0,37.51,40.83,21.67,0.0,0.0,41.29,46.41,12.3,0.0,228.66365934052658,8.213632065383699,11.55030575271068,0.756028143326776,0.4263281,70539.16,1.0
compo_183,grad13-TiMo mesure 5,0.0,33.41,41.9,24.69,0.0,0.0,37.37,48.39,14.24,0.0,238.06171149928386,8.677261178900642,10.164319141043537,0.4949821570338814,0.47535299999999997,76274.04,1.0
compo_184,grad13-TiMo mesure 6,0.0,29.68,42.4,27.91,0.0,0.0,33.78,49.84,16.38,0.0,219.5078929487276,8.306222316085647,15.509853129045108,0.5779863510521475,0.4174517,69803.48,1.0
compo_185,grad13-TiMo mesure 7,0.0,26.3,42.81,30.89,0.0,0.0,30.43,51.14,18.43,0.0,221.1773070157532,9.311993629616031,15.292431504229501,1.0373116348245743,0.40312709999999996,65285.74,1.0
compo_186,grad13-TiMo mesure 8,0.0,23.19,44.03,32.78,0.0,0.0,27.1,53.14,19.75,0.0,219.61817656410207,9.564858958626285,12.64922621589962,0.49551746432733795,0.5284446,70821.36,1.0
compo_187,grad13-TiMo mesure 9,0.0,20.46,45.08,34.46,0.0,0.0,24.13,54.91,20.96,0.0,218.12245879428693,9.715783139956423,7.483077297832905,0.4069067621086929,0.49458670000000005,69648.21,1.0
compo_188,grad13-TiMo mesure 10,0.0,17.77,46.33,35.9,0.0,0.0,21.12,56.87,22.01,0.0,220.02311439021713,10.043788813973427,9.504468876820427,0.2998682687596641,0.3509907,62324.69,1.0
compo_189,grad13-TiMo mesure 11,0.0,15.22,47.29,37.49,0.0,0.0,18.26,58.57,23.18,0.0,214.54508646062018,10.195714097067698,8.827821041111962,0.5884935437141254,0.3826874,64214.23,1.0
compo_190,grad13-TiMo mesure 12,0.0,12.71,47.87,39.42,0.0,0.0,15.41,59.95,24.65,0.0,225.01102986171412,10.336588753169831,4.039254545460659,0.16376163155225304,0.3506925,63683.85,1.0
compo_191,grad13-TiMo mesure 13,0.0,10.41,47.69,41.9,0.0,0.0,12.81,60.61,26.58,0.0,208.00779292558119,10.096833388364487,11.994186795192949,0.7001105386682753,0.3943453,65694.93,1.0
compo_192,grad13-TiMo mesure 14,0.0,9.1,49.51,41.39,0.0,0.0,11.15,62.68,26.17,0.0,176.49534848546355,9.307207802196308,5.959059860358274,0.414900511132474,0.0147478,35343.68,0
compo_193,grad14-Ti mesure 1,10.01,0.0,0.0,74.46,15.53,17.27,0.0,0.0,67.46,15.27,117.49366644731967,8.396463414476205,3.198216190727716,0.05031749276322808,0.0147478,35343.68,0
compo_194,grad14-Ti mesure 2,10.73,0.0,0.0,72.4,16.87,18.38,0.0,0.0,65.14,16.48,113.65729309745753,8.399178178734102,1.4488078051569162,0.09181633923708725,0.0147478,35343.68,0
compo_195,grad14-Ti mesure 3,12.08,0.0,0.0,68.47,19.45,20.43,0.0,0.0,60.82,18.75,119.40442121057009,8.024902114957506,2.8501156047391323,0.08697675514925568,0.0147478,35343.68,0
compo_196,grad14-Ti mesure 4,13.39,0.0,0.0,64.72,21.89,22.37,0.0,0.0,56.78,20.85,118.05667212006517,7.819754120447174,3.789001202833442,0.19243192678503543,0.0147478,35343.68,0
compo_197,grad14-Ti mesure 5,15.0,0.0,0.0,60.75,24.25,24.7,0.0,0.0,52.54,22.77,108.68289273294793,6.884635893969193,1.671290611549313,0.05607993613833407,0.0147478,35343.68,0
compo_198,grad14-Ti mesure 6,16.34,0.0,0.0,56.58,27.07,26.58,0.0,0.0,48.32,25.1,113.30333070951583,7.301379404987427,4.122377376153537,0.11605590120788074,0.0147478,35343.68,0
compo_199,grad14-Ti mesure 7,17.79,0.0,0.0,52.55,29.66,28.56,0.0,0.0,44.3,27.14,116.02978191236829,7.749448617281327,0.8543350497307898,0.058693962835428846,0.0147478,35343.68,0
compo_200,grad14-Ti mesure 8,19.1,0.0,0.0,48.41,32.5,30.29,0.0,0.0,40.32,29.38,123.04669246946743,8.2258070796454,0.8156494972072389,0.051190037029661815,0.0147478,35343.68,0
compo_201,grad14-Ti mesure 9,20.32,0.0,0.0,44.5,35.17,31.89,0.0,0.0,36.66,31.45,122.97190060945192,8.526275625128983,2.5148938226972275,0.08682438311148898,0.0147478,35343.68,0
compo_202,grad14-Ti mesure 10,21.52,0.0,0.0,40.61,37.87,33.41,0.0,0.0,33.09,33.5,123.85609757098632,8.978485761804725,2.2796246727078664,0.03367918203285765,0.0147478,35343.68,0
compo_203,grad14-Ti mesure 11,22.86,0.0,0.0,36.46,40.68,35.07,0.0,0.0,29.36,35.57,127.6954800137944,9.426496170466763,1.3206575340580462,0.14351365779752448,0.0147478,35343.68,0
compo_204,grad14-Ti mesure 12,23.94,0.0,0.0,32.95,43.11,36.38,0.0,0.0,26.29,37.33,132.74392441809331,9.774915750121616,3.0529794758633577,0.11039693412589167,0.0147478,35343.68,0
compo_205,grad14-Ti mesure 13,24.93,0.0,0.0,29.53,45.54,37.55,0.0,0.0,23.35,39.1,132.50666517525238,10.038162576897316,2.0679787227846864,0.08499417147442465,0.0147478,35343.68,0
compo_206,grad14-ZrCr mesure 1,25.37,0.0,0.0,27.98,46.64,38.07,0.0,0.0,22.04,39.89,128.06524723858197,10.154236587633168,2.0423161377538315,0.14217716274548753,0.0147478,41185.36,0.0
compo_207,grad14-ZrCr mesure 2,26.01,0.0,0.0,24.97,49.02,38.78,0.0,0.0,19.55,41.67,127.34793126340621,10.29821718989058,2.3216934826612867,0.13064020175102686,0.0147478,35343.68,0
compo_208,grad14-ZrCr mesure 3,26.8,0.0,0.0,22.22,50.97,39.69,0.0,0.0,17.28,43.03,128.22641990316296,10.506103857450121,1.2771727411336269,0.14821940696482425,0.0147478,35343.68,0
compo_209,grad14-ZrCr mesure 4,27.4,0.0,0.0,19.69,52.9,40.36,0.0,0.0,15.23,44.41,132.28455385426508,10.725055935218439,1.4738623257375756,0.42426527227872113,0.0147478,35343.68,0
compo_210,grad14-ZrCr mesure 5,28.05,0.0,0.0,17.4,54.56,41.08,0.0,0.0,13.38,45.54,133.13409444039104,10.944720098683316,1.5981526957640284,0.04081208021432878,0.0147478,35343.68,0
compo_211,grad14-ZrCr mesure 6,29.22,0.0,0.0,14.69,56.09,42.4,0.0,0.0,11.2,46.4,133.12842073191638,10.91578893320733,2.4146445981371185,0.08509847399330386,0.0147478,35343.68,0
compo_212,grad14-ZrCr mesure 7,29.87,0.0,0.0,12.76,57.37,43.12,0.0,0.0,9.68,47.21,133.73496889460844,11.116817123988026,0.6820547521358652,0.20860256665706367,0.0147478,35343.68,0
compo_213,grad14-ZrCr mesure 8,30.56,0.0,0.0,10.9,58.55,43.87,0.0,0.0,8.21,47.91,132.90942860635553,11.253480412191292,3.607977688102259,0.20250877697754166,0.0147478,35343.68,0
compo_214,grad14-ZrCr mesure 9,31.12,0.0,0.0,9.2,59.68,44.48,0.0,0.0,6.9,48.62,131.22017346890485,11.491213024324088,0.16838458122298275,0.000901295133472684,0.0147478,35343.68,0
compo_215,grad14-ZrCr mesure 10,31.82,0.0,0.0,7.81,60.36,45.25,0.0,0.0,5.83,48.92,133.85292064586855,11.298105514251276,3.834243664774317,0.2721584766435542,0.0147478,35343.68,0
compo_216,grad14-ZrCr mesure 11,32.43,0.0,0.0,6.48,61.09,45.9,0.0,0.0,4.82,49.29,133.9801290101807,11.26962813393473,0.7827023504771341,0.03947153715326058,0.0147478,35343.68,0
compo_217,grad14-ZrCr mesure 12,32.98,0.0,0.0,5.64,61.38,46.5,0.0,0.0,4.17,49.33,130.78018153020702,11.196822343444795,4.217784513123036,0.3406845013457702,0.0147478,35343.68,0
compo_218,grad15-Ti mesure 1,13.2,0.0,15.03,71.78,0.0,19.79,0.0,23.7,56.52,0.0,179.9966660744171,9.660625449644986,7.6086084559473575,0.04076483278105508,0.01953953,38684.78,0.0
compo_219,grad15-Ti mesure 2,15.24,0.0,17.62,67.14,0.0,22.08,0.0,26.85,51.07,0.0,173.4431254788504,9.96697674930993,4.241691881348498,0.09590586169624445,0.01969366,38598.09,0.0
compo_220,grad15-Ti mesure 3,17.24,0.0,20.05,62.71,0.0,24.2,0.0,29.59,46.21,0.0,169.8114719379589,10.336791895348902,5.208422765535951,0.0483067304916707,0.02108327,38647.42,1.0
compo_221,grad15-Ti mesure 4,18.84,0.0,22.19,58.97,0.0,25.76,0.0,31.91,42.33,0.0,180.0325857863287,10.781668840204777,7.231685845921416,0.7158221073863231,0.0226257,38822.11,1.0
compo_222,grad15-Ti mesure 5,20.51,0.0,24.31,55.19,0.0,27.32,0.0,34.06,38.61,0.0,181.76914159752903,11.27417030686147,1.6340160373982022,0.2696510218264258,0.01979241,38551.41,0.0
compo_223,grad15-Ti mesure 6,21.85,0.0,26.12,52.03,0.0,28.5,0.0,35.85,35.65,0.0,175.47743801739847,11.732006168337445,4.508170498962336,0.07324862865416683,0.02166546,38607.58,1.0
compo_224,grad15-Ti mesure 7,23.45,0.0,28.32,48.23,0.0,29.85,0.0,37.91,32.24,0.0,189.70254020179362,12.01843503654216,10.272814821835755,1.0750384946321299,0.03490235,39590.24,1.0
compo_225,grad15-Ti mesure 8,24.88,0.0,30.25,44.87,0.0,31.0,0.0,39.64,29.36,0.0,163.67960242649653,11.36730542212056,9.740702959147246,1.0164186188543913,0.05331795,40615.23,1.0
compo_226,grad15-Ti mesure 9,26.39,0.0,32.0,41.61,0.0,32.22,0.0,41.1,26.68,0.0,121.51704342494804,9.876533215881636,6.010132537936816,0.8044617855868366,0.0380165,38409.21,1.0
compo_227,grad15-Ti mesure 10,27.52,0.0,33.18,39.3,0.0,33.14,0.0,42.01,24.85,0.0,114.36292884388718,9.791346554839992,2.727030358024902,0.13163274910805875,0.0147478,35343.68,0
compo_228,grad15-Ti mesure 11,29.0,0.0,34.86,36.14,0.0,34.26,0.0,43.32,22.42,0.0,119.89682157282002,9.785515598007844,2.0428655698165614,0.06210134252785558,0.0147478,35343.68,0
compo_229,grad15-ZrMo mesure 1,29.76,0.0,35.43,34.8,0.0,34.89,0.0,43.69,21.42,0.0,146.77540051038108,10.374710739686556,5.005313991885065,0.12675464618489132,0.0147478,35343.68,0
compo_230,grad15-ZrMo mesure 2,31.37,0.0,37.27,31.36,0.0,36.05,0.0,45.04,18.92,0.0,148.36177148410135,10.65472226623696,4.500226069958948,0.08770269444330367,0.0147478,35343.68,0
compo_231,grad15-ZrMo mesure 3,32.71,0.0,38.61,28.69,0.0,37.01,0.0,45.94,17.04,0.0,143.53465110393356,10.832552304593449,1.5970284868807914,0.10391742035885744,0.0147478,35343.68,0
compo_232,grad15-ZrMo mesure 4,34.07,0.0,40.01,25.92,0.0,37.96,0.0,46.88,15.16,0.0,147.4324846654074,10.922216933381673,2.8694568031784278,0.13893223653652373,0.0147478,35343.68,0
compo_233,grad15-ZrMo mesure 5,35.04,0.0,41.36,23.6,0.0,38.53,0.0,47.84,13.63,0.0,146.70995737028716,11.167474437996452,3.1439767285668467,0.18376045844957062,0.0147478,35343.68,0
compo_234,grad15-ZrMo mesure 6,36.53,0.0,42.74,20.74,0.0,39.55,0.0,48.66,11.79,0.0,144.11262403497727,11.008329184405106,4.158571773855118,0.07935685007041855,0.0147478,35343.68,0
compo_235,grad15-ZrMo mesure 7,37.4,0.0,43.91,18.69,0.0,40.04,0.0,49.45,10.51,0.0,139.74786445189912,11.113660373577243,2.4636201872516366,0.23007123455499215,0.0147478,35343.68,0
compo_236,grad15-ZrMo mesure 8,38.47,0.0,44.96,16.57,0.0,40.73,0.0,50.06,9.21,0.0,142.08069102747973,11.413827571457533,1.3817776215316675,0.15889396098227024,0.0147478,35343.68,0
compo_237,grad15-ZrMo mesure 9,39.54,0.0,46.01,14.45,0.0,41.4,0.0,50.66,7.94,0.0,134.29993330696794,11.117023948375543,3.1697728984270452,0.14971758587537173,0.0147478,35343.68,0
compo_238,grad15-ZrMo mesure 10,40.36,0.0,47.02,12.62,0.0,41.85,0.0,51.28,6.87,0.0,110.27392555154461,10.708155152733118,0.18506917913830764,0.11339810578496876,0.0147478,35343.68,0
compo_239,grad15-ZrMo mesure 11,41.3,0.0,48.06,10.65,0.0,42.39,0.0,51.87,5.74,0.0,82.10179786779841,9.03454753014546,1.9614954598351761,0.10207530394420906,0.0147478,35343.68,0
compo_240,grad16-NbZrCrMo mesure 1,15.15,15.1,17.13,30.69,21.92,19.63,19.94,23.35,20.89,16.19,142.61476285872638,9.956721658206583,2.3509451674636,0.03793176012629521,0.0147478,35343.68,0
compo_241,grad16-NbZrCrMo mesure 2,15.7,15.32,17.66,28.69,22.63,20.17,20.05,23.87,19.35,16.57,142.2920735007261,10.055579671229271,1.5525054218128091,0.140781158373166,0.0147478,35343.68,0
compo_242,grad16-NbZrCrMo mesure 3,16.32,16.01,18.66,25.41,23.61,20.65,20.63,24.82,16.88,17.02,146.2877678653418,10.17126968975451,3.0852650816268024,0.08209450347101999,0.0147478,35343.68,0
compo_243,grad16-NbZrCrMo mesure 4,16.98,16.59,19.19,22.79,24.45,21.24,21.13,25.24,14.96,17.43,143.9698018596551,10.417460273364409,1.811696223235803,0.17736680251530132,0.0147478,35343.68,0
compo_244,grad16-NbZrCrMo mesure 5,17.51,16.82,19.63,20.74,25.3,21.72,21.26,25.62,13.51,17.89,145.94287612250068,10.61642408765696,3.139313915048662,0.17663721473736108,0.0147478,35343.68,0
compo_245,grad16-NbZrCrMo mesure 6,18.05,17.68,20.14,18.22,25.91,22.12,22.08,25.97,11.73,18.11,145.8076876808853,10.75390669958172,2.516198471117248,0.10086259046741763,0.0147478,35343.68,0
compo_246,grad16-NbZrCrMo mesure 7,18.61,18.01,20.65,16.22,26.51,22.62,22.29,26.39,10.35,18.36,144.44471654597174,11.023442408281976,4.659683275722112,0.1803310241742648,0.0147478,35343.68,0
compo_247,grad16-NbZrCrMo mesure 8,19.06,18.32,21.21,14.19,27.22,22.96,22.48,26.88,8.98,18.7,137.3689444373963,10.652967255657478,3.7928056046411713,0.23308891160182374,0.0147478,35343.68,0
compo_248,grad16-NbZrCrMo mesure 9,19.42,18.85,21.74,12.52,27.48,23.19,22.93,27.31,7.85,18.71,140.12339994708137,10.902945726868435,4.498299840293178,0.15807277558275626,0.0147478,35343.68,0
compo_249,grad16-NbZrCrMo mesure 10,19.87,19.33,21.98,10.57,28.25,23.56,23.35,27.42,6.58,19.09,141.2450923756177,10.886211715694452,3.3854665588372637,0.0155604572260018,0.0147478,35343.68,0
compo_250,grad16-NbZrCrMo mesure 11,20.01,19.8,22.44,9.35,28.41,23.57,23.76,27.81,5.79,19.08,140.01050143321794,11.049096984215108,1.7607954313433796,0.11807461938392191,0.0147478,35343.68,0
compo_251,grad16-NbZrCrMo mesure 12,20.48,20.13,22.64,7.88,28.87,23.98,24.01,27.89,4.85,19.27,142.17596125194436,11.066628872832727,1.2746389005187788,0.13993433726343138,0.0147478,35343.68,0
compo_252,grad16-Ti mesure 1,5.04,5.29,6.18,76.46,7.02,8.26,8.82,10.65,65.73,6.55,129.81176319458226,7.371765392473877,2.0410391226039613,0.08621490009820286,0.0147478,35343.68,0
compo_253,grad16-Ti mesure 2,5.82,6.18,7.21,72.52,8.28,9.31,10.07,12.13,60.94,7.55,133.07511336164958,7.997070502897353,4.255034767299502,0.27851145886413803,0.0147478,35343.68,0
compo_254,grad16-Ti mesure 3,6.73,7.33,8.48,67.78,9.68,10.48,11.63,13.88,55.42,8.59,135.32163470006375,8.650333301069635,2.396350615536762,0.3962008656764635,0.0147478,35343.68,0
compo_255,grad16-Ti mesure 4,7.68,8.64,9.63,62.81,11.24,11.64,13.34,15.35,49.97,9.7,145.12060249317187,9.8442613979133,5.413592246416148,0.5556141345753964,0.0147478,35343.68,0
compo_256,grad16-Ti mesure 5,8.44,9.59,10.98,58.41,12.57,12.49,14.45,17.08,45.37,10.6,155.7295375699428,10.726208765905167,4.739313433556575,0.36398268077451085,0.0147478,35343.68,0
compo_257,grad16-Ti mesure 6,9.21,10.51,12.02,54.17,14.09,13.34,15.5,18.31,41.21,11.64,159.50276402690855,11.82085460868138,1.681166303276772,0.687886696340013,0.0147478,35343.68,0
compo_258,grad16-Ti mesure 7,9.94,11.4,13.1,50.2,15.37,14.11,16.48,19.55,37.42,12.44,161.66496121617388,12.016514898134067,8.354759647442485,0.5871627995843366,0.0147478,35343.68,0
compo_259,grad16-Ti mesure 8,10.63,11.88,13.96,46.92,16.61,14.86,16.92,20.53,34.45,13.24,165.79586613807146,12.815522054691556,7.578042764590241,0.7330464400841106,0.0147478,35343.68,0
compo_260,grad16-Ti mesure 9,11.26,12.83,14.73,43.42,17.76,15.49,17.97,21.29,31.34,13.91,164.31753451990443,12.888383290090403,6.437221152449197,0.7725074427401486,0.0147478,35343.68,0
compo_261,grad16-Ti mesure 10,12.09,13.24,15.43,40.51,18.73,16.4,18.28,22.0,28.84,14.48,149.27743318314023,11.336123054764867,5.598635626263302,0.0701340523501659,0.0147478,35343.68,0
compo_262,grad16-Ti mesure 11,12.61,13.38,15.53,39.14,19.35,17.0,18.38,22.03,27.72,14.87,137.39771420721777,9.0585315175626,3.2039273548472686,0.007643302303996501,0.0147478,35343.68,0
compo_263,grad16-Ti mesure 12,13.25,13.99,16.07,36.12,20.58,17.64,18.97,22.51,25.26,15.62,138.84090279301319,9.28116287242083,2.8803951812428035,0.11884633065836699,0.0147478,35343.68,0
compo_264,grad16-Ti mesure 13,14.15,14.58,16.78,32.99,21.51,18.56,19.49,23.15,22.72,16.08,142.4784359364865,9.661570837540419,2.774415017512597,0.20206287376470594,0.0147478,35343.68,0
compo_265,grad17-Zr mesure 1,70.73,13.55,0.0,0.0,15.72,75.65,14.76,0.0,0.0,9.58,114.29768199859171,7.567051306072573,1.9543653225330282,0.03027572096064252,0.0147478,35343.68,0
compo_266,grad17-Zr mesure 2,66.86,14.9,0.0,0.0,18.25,72.33,16.41,0.0,0.0,11.25,111.65009224679591,7.5949704242565,2.8339552289177057,0.1400766197676671,0.0147478,35343.68,0
compo_267,grad17-Zr mesure 3,63.38,15.94,0.0,0.0,20.68,69.34,17.76,0.0,0.0,12.9,103.89800476852704,7.088959343139356,1.2514009725268123,0.04832034256292485,0.0147478,35343.68,0
compo_268,grad17-Zr mesure 4,59.45,17.21,0.0,0.0,23.34,65.85,19.42,0.0,0.0,14.74,96.96026822340087,6.375266922544397,1.3213584320312175,0.05894709403081975,0.0147478,35343.68,0
compo_269,grad17-Zr mesure 5,55.62,18.41,0.0,0.0,25.97,62.37,21.03,0.0,0.0,16.6,101.43178779454556,6.805428315248859,2.9238696089001115,0.07464802685966779,0.0147478,35343.68,0
compo_270,grad17-Zr mesure 6,51.73,19.5,0.0,0.0,28.77,58.79,22.57,0.0,0.0,18.64,105.88390104525733,7.253701526431749,2.9020771325251236,0.051663589314308936,0.0147478,35343.68,0
compo_271,grad17-Zr mesure 7,47.97,20.18,0.0,0.0,31.85,55.35,23.71,0.0,0.0,20.94,110.88320810661722,7.779753507796068,0.5851635799121101,0.09633672601714599,0.0147478,35343.68,0
compo_272,grad17-Zr mesure 8,43.93,21.13,0.0,0.0,34.94,51.46,25.21,0.0,0.0,23.33,116.71884977942454,8.419521459811167,2.57281206661562,0.01871848401433632,0.0147478,35343.68,0
compo_273,grad17-Zr mesure 9,40.02,22.09,0.0,0.0,37.89,47.58,26.75,0.0,0.0,25.68,123.92715471712464,8.976325975248555,2.6529006270009106,0.20297791968817183,0.0147478,35343.68,0
compo_274,grad17-Zr mesure 10,36.08,22.89,0.0,0.0,41.04,43.58,28.16,0.0,0.0,28.26,127.71092697506933,9.497895164869158,1.5695073165786937,0.1303431614826009,0.0147478,35343.68,0
compo_275,grad17-Zr mesure 11,32.73,23.47,0.0,0.0,43.79,40.11,29.3,0.0,0.0,30.59,131.95598470773638,9.845443580166382,3.087989898421611,0.07208295618091495,0.0147478,35343.68,0
compo_276,grad17-NbCr mesure 1,30.82,23.98,0.0,0.0,45.2,38.05,30.15,0.0,0.0,31.81,125.97294711096686,10.215928122035255,2.3797260001683935,0.12495146490674817,0.0147478,35343.68,0
compo_277,grad17-NbCr mesure 2,27.44,24.48,0.0,0.0,48.08,34.39,31.25,0.0,0.0,34.36,132.10729713209798,10.66001647279233,0.16022586356290927,0.12814196936062508,0.0147478,35343.68,0
compo_278,grad17-NbCr mesure 3,24.46,24.99,0.0,0.0,50.55,31.07,32.33,0.0,0.0,36.6,142.42715962282884,11.082176034122469,0.6384231557222259,0.13303117624657526,0.0147478,35343.68,0
compo_279,grad17-NbCr mesure 4,21.59,25.44,0.0,0.0,52.97,27.79,33.35,0.0,0.0,38.86,146.630693458997,11.39440082795035,2.0664343969926464,0.06661082289203599,0.0147478,35343.68,0
compo_280,grad17-NbCr mesure 5,19.21,25.89,0.0,0.0,54.9,24.99,34.3,0.0,0.0,40.71,148.17800832045464,11.761555896630547,0.5045061254765275,0.11133837822163353,0.0147478,35343.68,0
compo_281,grad17-NbCr mesure 6,16.55,26.56,0.0,0.0,56.88,21.77,35.58,0.0,0.0,42.65,149.99193672944304,9.516888045113689,12.143615261678292,3.0492628721594115,0.0147478,35343.68,0
compo_282,grad17-NbCr mesure 7,14.7,27.04,0.0,0.0,58.26,19.48,36.5,0.0,0.0,44.02,161.6500699346854,12.429220703861544,2.4243268860940383,0.07251001097768821,0.0147478,35343.68,0
compo_283,grad17-NbCr mesure 8,12.61,27.72,0.0,0.0,59.67,16.84,37.72,0.0,0.0,45.44,162.1394519854025,12.82819101306263,6.63557228065522,0.25162275048014493,0.0147478,35343.68,0
compo_284,grad17-NbCr mesure 9,10.88,28.43,0.0,0.0,60.68,14.62,38.91,0.0,0.0,46.47,164.57425414671462,13.017547781505902,2.4046325730421025,0.12346198599912298,0.0147478,35343.68,0
compo_285,grad17-NbCr mesure 10,9.11,29.4,0.0,0.0,61.49,12.3,40.41,0.0,0.0,47.29,171.1608715581346,12.952389895088723,1.21926688125196,0.2546169677428199,0.0147478,35343.68,0
compo_286,grad18-Zr mesure 1,67.23,0.0,13.59,0.0,19.18,72.72,0.0,15.46,0.0,11.82,98.46638491009347,7.342998595862696,1.4239909185737107,0.08312357076142605,0.0147478,35343.68,0
compo_287,grad18-Zr mesure 2,63.13,0.0,15.1,0.0,21.77,69.06,0.0,17.37,0.0,13.57,103.52935653035986,7.990229346021858,2.048614706113362,0.07167204076505954,0.0147478,35343.68,0
compo_288,grad18-Zr mesure 3,58.83,0.0,16.5,0.0,24.67,65.19,0.0,19.23,0.0,15.58,107.7079281863369,8.689574119849507,2.369862564116466,0.1135375833542324,0.0147478,35343.68,0
compo_289,grad18-Zr mesure 4,54.4,0.0,17.93,0.0,27.67,61.1,0.0,21.18,0.0,17.72,113.63152953288356,9.326990924893199,2.8473863117915013,0.14964157118331448,0.0147478,35343.68,0
compo_290,grad18-Zr mesure 5,50.23,0.0,19.25,0.0,30.53,57.16,0.0,23.04,0.0,19.8,119.66854623648165,10.1301375108357,2.3031821761863425,0.18773425895314597,0.0147478,35343.68,0
compo_291,grad18-Zr mesure 6,47.07,0.0,20.29,0.0,32.63,54.1,0.0,24.53,0.0,21.38,124.06205177981357,10.672760714699645,1.902498777308345,0.05777411703158964,0.0147478,35343.68,0
compo_292,grad18-Zr mesure 7,42.18,0.0,21.61,0.0,36.21,49.3,0.0,26.57,0.0,24.13,131.1574871800202,11.282824518679424,2.7919863710952706,0.2206034415089193,0.0147478,35343.68,0
compo_293,grad18-Zr mesure 8,37.95,0.0,22.78,0.0,39.27,45.02,0.0,28.42,0.0,26.56,134.32127206074898,11.790131508196477,2.59945024287431,0.1940919697821103,0.0147478,35343.68,0
compo_294,grad18-Zr mesure 9,34.11,0.0,23.48,0.0,42.41,41.11,0.0,29.76,0.0,29.13,143.40213212283982,12.216800965205756,0.27612362363909476,0.19192530463714383,0.0147478,35343.68,0
compo_295,grad18-Zr mesure 10,30.19,0.0,24.34,0.0,45.47,36.95,0.0,31.33,0.0,31.73,145.85524699655528,12.72272686354676,2.037392388470011,0.11790192858332398,0.0147478,35343.68,0
compo_296,grad18-Zr mesure 11,26.77,0.0,25.25,0.0,47.98,33.18,0.0,32.92,0.0,33.9,148.3606268584135,13.000711898199274,1.5696407357264675,0.1351701902115719,0.0147478,35343.68,0
compo_297,grad18-CrMo mesure 1,25.12,0.0,25.54,0.0,49.34,31.36,0.0,33.54,0.0,35.11,155.52844587202247,13.146849575078514,3.291838242310181,0.27329040425069395,0.0147478,35343.68,0
compo_298,grad18-CrMo mesure 2,22.07,0.0,26.15,0.0,51.79,27.9,0.0,34.77,0.0,37.32,157.1023987125184,13.163389254600071,4.6161198581944145,0.1462660900929617,0.0147478,35343.68,0
compo_299,grad18-CrMo mesure 3,19.36,0.0,26.78,0.0,53.86,24.75,0.0,36.0,0.0,39.24,157.9080017721812,13.28560113533371,4.294253599330994,0.4231217420316019,0.0147478,35343.68,0
compo_300,grad18-CrMo mesure 4,16.36,0.0,27.4,0.0,55.86,21.75,0.0,37.0,0.0,40.84,162.6768782670202,13.487542725575418,1.2219120501889325,0.0990223856629509,0.0147478,35343.68,0
compo_301,grad18-CrMo mesure 5,14.56,0.0,27.98,0.0,57.46,18.97,0.0,38.35,0.0,42.68,165.30023321564622,12.870730810199229,27.486332048731093,4.088098869382632,0.0147478,35343.68,0
compo_302,grad18-CrMo mesure 6,12.63,0.0,28.5,0.0,58.86,16.59,0.0,39.36,0.0,44.05,172.3893731339295,13.446415698707373,3.3038322269717,0.19701378635240505,0.0147478,35343.68,0
compo_303,grad18-CrMo mesure 7,10.99,0.0,29.24,0.0,59.77,14.49,0.0,40.57,0.0,44.94,187.3923082376076,15.868589752829516,1.9814770135614954,1.9028847843170078,0.0147478,35343.68,0
compo_304,grad18-CrMo mesure 8,8.28,0.0,29.01,0.0,62.71,11.1,0.0,40.94,0.0,47.96,245.15516374118383,22.7678694309573,7.819495884581239,0.5909433873026485,0.04832335,41157.82,1.0
compo_305,grad18-CrMo mesure 9,6.91,0.0,30.27,0.0,62.82,9.28,0.0,42.7,0.0,48.03,259.1035704855907,21.580850644790534,4.133302213017815,0.7040946009644374,0.09149866,44911.01,1.0
compo_306,grad18-CrMo mesure 10,6.12,0.0,31.43,0.0,62.45,8.18,0.0,44.21,0.0,47.6,259.3748695959456,20.719817427469845,7.0513869997469625,0.646737687933843,0.2421183,52432.02,1.0
compo_307,grad18-CrMo mesure 11,5.21,0.0,32.77,0.0,62.03,6.94,0.0,45.93,0.0,47.12,277.58517656223535,19.90451506244471,9.436907225130346,0.0924958557335368,0.1477322,48108.87,1.0
compo_308,grad19-Zr mesure 1,74.54,6.31,5.23,6.68,7.24,79.21,6.83,5.84,3.73,4.39,128.1725834092976,8.671831943702728,1.6582509183767595,0.14379472730274465,0.0147478,35343.68,0
compo_309,grad19-Zr mesure 2,71.92,6.91,6.21,7.48,7.47,76.77,7.51,6.97,4.19,4.55,127.04726935004683,8.494329156003637,1.6593108796485432,0.011148561329552277,0.0147478,35343.68,0
compo_310,grad19-Zr mesure 3,67.83,7.98,6.94,8.58,8.66,73.16,8.77,7.88,4.86,5.33,121.29272252107123,8.307939729807202,3.121138930468385,0.11448796921111673,0.0147478,35343.68,0
compo_311,grad19-Zr mesure 4,63.57,8.9,7.8,9.65,10.08,69.37,9.89,8.95,5.53,6.27,113.59000367659068,7.987649825669337,1.9489386895763439,0.05011083642151034,0.0147478,35343.68,0
compo_312,grad19-Zr mesure 5,59.41,9.79,8.41,11.02,11.37,65.65,11.02,9.78,6.39,7.16,100.7269047422428,7.084820868264472,1.3957829326984943,0.05846524566484975,0.0147478,35343.68,0
compo_313,grad19-Zr mesure 6,55.36,10.27,9.32,12.27,12.78,61.96,11.7,10.97,7.21,8.16,101.35705371082459,7.117309804342597,3.162230302163145,0.08692295810891337,0.0147478,35343.68,0
compo_314,grad19-Zr mesure 7,51.23,11.08,10.12,13.42,14.15,58.04,12.79,12.06,7.99,9.13,106.85735879354016,7.459041065393272,4.965032318827992,0.011741600535769774,0.0147478,35343.68,0
compo_315,grad19-Zr mesure 8,47.08,11.76,10.9,14.73,15.54,54.05,13.75,13.16,8.88,10.17,108.13679722136624,7.810650901451439,1.7418864765910558,0.08922174269967288,0.0147478,35343.68,0
compo_316,grad19-Zr mesure 9,42.73,12.1,11.57,16.1,17.5,49.89,14.39,14.2,9.87,11.65,112.1620330030994,8.36244037679243,1.4117700786374392,0.12549570824655465,0.0147478,35343.68,0
compo_317,grad19-Zr mesure 10,38.92,12.65,12.33,17.42,18.68,46.03,15.23,15.33,10.82,12.59,114.91564369656561,8.719358640282923,0.5100354139121824,0.09064866840498496,0.0147478,35343.68,0
compo_318,grad19-Zr mesure 11,35.07,12.74,13.12,18.59,20.48,42.11,15.58,16.58,11.72,14.02,116.37870076856998,9.146832776227445,1.9837336921854594,0.12647305467737516,0.0147478,35343.68,0
compo_319,grad19-Zr mesure 12,31.24,13.31,13.72,19.79,21.96,38.04,16.5,17.57,12.65,15.24,122.35777196952817,9.516097548929633,1.9895702291445834,0.05643402716759718,0.0147478,35343.68,0
compo_320,grad19-NbTiCrMo mesure 1,29.64,13.44,13.87,20.36,22.68,36.35,16.79,17.89,13.11,15.86,124.80207172311736,9.46068777827536,2.035272736816349,0.08936661243216319,0.0147478,35343.68,0
compo_321,grad19-NbTiCrMo mesure 2,26.07,13.67,14.48,21.37,24.41,32.44,17.32,18.96,13.97,17.31,126.56710977427156,9.861197753107986,3.578387271889073,0.13119412469979455,0.0147478,35343.68,0
compo_322,grad19-NbTiCrMo mesure 3,23.17,14.0,15.3,21.71,25.81,29.09,17.91,20.21,14.32,18.47,131.25947050581735,10.215919010031403,2.210420175743015,0.07171681125741936,0.0147478,35343.68,0
compo_323,grad19-NbTiCrMo mesure 4,20.43,14.41,15.91,22.02,27.23,25.89,18.59,21.2,14.65,19.67,135.5386500891378,10.495894848884666,2.606513833373981,0.08294429996797807,0.0147478,35343.68,0
compo_324,grad19-NbTiCrMo mesure 5,17.86,14.72,16.52,22.09,28.81,22.83,19.16,22.2,14.83,20.99,140.0679594569993,10.772647323642824,2.203346661979158,0.1670619938395821,0.0147478,35343.68,0
compo_325,grad19-NbTiCrMo mesure 6,15.57,15.14,17.38,21.69,30.22,20.0,19.8,23.46,14.62,22.12,143.1645580160151,11.068232946007862,2.5390754984074277,0.17229981224294694,0.0147478,35343.68,0
compo_326,grad19-NbTiCrMo mesure 7,13.27,15.67,18.13,21.43,31.49,17.12,20.59,24.61,14.52,23.16,145.23061093992712,11.369195015663445,4.538538625795517,0.22971558894692445,0.0147478,35343.68,0
compo_327,grad19-NbTiCrMo mesure 8,11.41,15.79,18.71,21.67,32.42,14.82,20.88,25.54,14.77,23.99,150.14499406746882,11.603333117000112,4.466026726112206,0.05062779717439219,0.0147478,35343.68,0
compo_328,grad19-NbTiCrMo mesure 9,9.41,16.69,19.99,19.99,33.92,12.18,22.0,27.21,13.59,25.03,154.58116485116292,12.094704524226753,0.5044635568620598,0.09032390991694238,0.02756611,39078.81,1.0
compo_329,grad19-NbTiCrMo mesure 10,7.53,17.23,20.89,18.97,35.38,9.75,22.74,28.47,12.91,26.13,159.40142403833184,12.272099485006967,5.0463343116486445,0.1819336290803998,0.01938528,38550.92,0.0
compo_330,grad19-NbTiCrMo mesure 11,6.79,17.92,21.93,19.48,33.88,8.75,23.51,29.7,13.17,24.87,162.46841157137595,12.25312743937576,8.390706132637225,0.23183339903190417,0.02735402,39078.75,1.0
compo_331,grad19-NbTiCrMo mesure 12,6.18,19.14,23.62,23.35,27.71,7.87,24.81,31.62,15.6,20.11,189.51020688794497,12.799842877526123,9.03451858252679,1.1117770526744903,0.07793,43843.79,1.0
compo_332,grad20-Cr mesure 1,0.0,3.99,0.0,6.0,90.01,0.0,6.95,0.0,5.39,87.67,228.47312548677564,11.01374105801391,31.695620930940823,0.06705895912991648,0.14579879999999998,51559.24,1.0
compo_333,grad20-Cr mesure 2,0.0,4.63,0.0,6.74,88.63,0.0,8.03,0.0,6.02,85.95,252.43474492574666,10.50987122688088,8.789873218806287,0.2796010683547232,0.1964042,56541.73,1.0
compo_334,grad20-Cr mesure 3,0.0,5.29,0.0,7.36,87.36,0.0,9.12,0.0,6.54,84.33,254.49770302405713,10.32568666966669,9.649642935601989,0.2609223329558743,0.29331440000000003,64774.79,1.0
compo_335,grad20-Cr mesure 4,0.0,6.04,0.0,8.06,85.89,0.0,10.37,0.0,7.13,82.5,255.28612027896907,10.891661287786677,7.337434795462622,0.3379615814914165,0.23855789999999996,60141.47,1.0
compo_336,grad20-Cr mesure 5,0.0,6.88,0.0,8.82,84.3,0.0,11.74,0.0,7.76,80.51,255.56876302334535,10.66497690002167,10.381963083364466,0.5235153065139521,0.160678,52079.87,1.0
compo_337,grad20-Cr mesure 6,0.0,7.83,0.0,10.23,81.94,0.0,13.27,0.0,8.95,77.78,247.79668142396275,10.880296686840433,9.57110002724368,0.3709095722593488,0.162743,51936.03,1.0
compo_338,grad20-Cr mesure 7,0.0,8.86,0.0,11.38,79.76,0.0,14.93,0.0,9.88,75.19,240.38515781304292,10.758426907608165,1.7970049824724506,0.5086294923964485,0.1355039,49875.2,1.0
compo_339,grad20-Cr mesure 8,0.0,9.99,0.0,13.02,76.99,0.0,16.71,0.0,11.22,72.07,234.75635673207677,10.791026692890862,5.257910848505829,0.28945663417935874,0.07481819,45771.07,1.0
compo_340,grad20-Cr mesure 9,0.0,11.2,0.0,14.46,74.34,0.0,18.58,0.0,12.37,69.04,229.65474617152236,11.282428418871755,1.8974572509884755,0.4052925212422843,0.12481120000000001,46146.45,1.0
compo_341,grad20-Cr mesure 10,0.0,12.54,0.0,16.38,71.07,0.0,20.64,0.0,13.9,65.46,214.41956784875543,11.20983836433006,6.0803628900670645,0.21945766809283587,0.12177930000000001,46496.78,1.0
compo_342,grad20-NbTi mesure 1,0.0,13.63,0.0,17.75,68.62,0.0,22.28,0.0,14.96,62.76,206.18550656442503,11.9345680550174,6.5119113547986895,0.478658335448107,0.07891167,43499.4,1.0
compo_343,grad20-NbTi mesure 2,0.0,14.98,0.0,19.95,65.06,0.0,24.29,0.0,16.68,59.03,208.42150269271983,12.678556132006104,31.775056997810395,2.2260041676777145,0.07455591,41501.94,1.0
compo_344,grad20-NbTi mesure 3,0.0,16.36,0.0,22.8,60.84,0.0,26.32,0.0,18.91,54.77,174.92060964245405,12.676912188823488,3.2146981656570706,0.6713631931990011,0.02231723,36540.76,1.0
compo_345,grad20-NbTi mesure 4,0.0,17.71,0.0,24.8,57.49,0.0,28.26,0.0,20.4,51.34,172.88673187011653,12.526311219282384,8.755862722910736,0.7634760092150877,0.01900255,35977.7,0.0
compo_346,grad20-NbTi mesure 5,0.0,18.97,0.0,27.29,53.74,0.0,30.06,0.0,22.29,47.65,165.41886600611383,12.9102619969442,3.0554956523741947,0.016312132812642616,0.01843584,36044.97,0.0
compo_347,grad20-NbTi mesure 6,0.0,20.5,0.0,29.77,49.73,0.0,32.19,0.0,24.1,43.71,162.99665112573467,12.552431690858912,4.532972860351594,0.07616443075370108,0.0147478,35343.68,0
compo_348,grad20-NbTi mesure 7,0.0,21.84,0.0,31.86,46.3,0.0,34.03,0.0,25.6,40.37,160.11324708626051,11.850907342570443,2.6684023018446887,0.14571673166334737,0.0147478,35343.68,0
compo_349,grad20-NbTi mesure 8,0.0,23.75,0.0,34.27,41.98,0.0,36.59,0.0,27.22,36.19,147.3051572108388,11.52325825892976,,,0.0147478,35343.68,0
compo_350,grad20-NbTi mesure 9,0.0,25.53,0.0,37.12,37.35,0.0,38.94,0.0,29.18,31.88,146.77709991119292,11.171225394786457,2.220117701813896,0.2800278575996453,0.0147478,35343.68,0
compo_351,grad20-NbTi mesure 10,0.0,27.23,0.0,39.41,33.36,0.0,41.12,0.0,30.69,28.19,147.58645723351503,11.26755512425139,2.517375429174232,0.08694175606038987,0.0147478,35343.68,0
compo_352,grad21-Cr mesure 1,0.0,3.39,3.91,0.0,92.7,0.0,5.72,6.81,0.0,87.47,271.8244016797514,10.03893700434222,3.5936649921886623,0.9238923762241946,0.3047236,66786.03,1.0
compo_353,grad21-Cr mesure 2,0.0,4.09,4.74,0.0,91.17,0.0,6.81,8.16,0.0,85.02,266.4925554031832,11.582634562664683,13.72464773752346,0.5118382306601967,0.1713617,53173.41,1.0
compo_354,grad21-Cr mesure 3,0.0,4.76,5.52,0.0,89.72,0.0,7.85,9.39,0.0,82.77,268.44523286037384,12.767823729296051,7.041549493737615,0.595084284383112,0.1297229,48207.25,1.0
compo_355,grad21-Cr mesure 4,0.0,5.56,6.51,0.0,87.93,0.0,9.04,10.93,0.0,80.03,265.2771306021839,13.437579593447074,8.169419597940868,0.46451996085218894,0.09857704,45893.05,1.0
compo_356,grad21-Cr mesure 5,0.0,6.45,7.59,0.0,85.96,0.0,10.34,12.56,0.0,77.1,269.1429566067074,14.546752844968555,1.65609758316475,0.42589795085673277,0.0640191,43392.66,1.0
compo_357,grad21-Cr mesure 6,0.0,7.58,8.98,0.0,83.45,0.0,11.92,14.59,0.0,73.49,267.6052708748674,15.329854811213755,12.109372904614089,0.46092656570777846,0.04981661,41337.02,1.0
compo_358,grad21-Cr mesure 7,0.0,8.79,10.42,0.0,80.79,0.0,13.57,16.61,0.0,69.82,266.9641215317846,15.967794821040872,9.58004163760547,1.0629716801811784,0.03921456,40205.76,1.0
compo_359,grad21-Cr mesure 8,0.0,10.05,12.14,0.0,77.8,0.0,15.2,18.96,0.0,65.84,266.60138546066514,16.380377985242117,6.995216673184382,0.6617622836931827,0.03876128,40017.75,1.0
compo_360,grad21-Cr mesure 9,0.0,11.66,14.06,0.0,74.27,0.0,17.21,21.44,0.0,61.35,263.4982841023,16.898151320515016,6.4036347452642515,0.43959491313581495,0.03607409,39527.28,1.0
compo_361,grad21-Cr mesure 10,0.0,13.48,16.52,0.0,70.0,0.0,19.34,24.47,0.0,56.2,265.06263363351894,18.201891043724466,4.802215536152203,0.8281396609391074,0.02739119,38830.67,1.0
compo_362,grad21-Cr mesure 11,0.0,15.53,19.23,0.0,65.23,0.0,21.6,27.62,0.0,50.77,259.2768828477723,17.624301472671295,3.60953864446471,0.5236880533850423,0.02851627,38387.9,1.0
compo_363,grad21-Cr mesure 12,0.0,17.68,22.09,0.0,60.23,0.0,23.83,30.74,0.0,45.43,265.71999005268736,19.076364683838374,8.047102389719166,0.4586034283095018,0.02807651,38322.79,1.0
compo_364,grad21-NbMo mesure 1,0.0,19.15,24.0,0.0,56.86,0.0,25.28,32.71,0.0,42.01,251.91742094843403,18.22258816459777,1.6431765127559912,0.44521928707123815,0.03084221,39806.13,1.0
compo_365,grad21-NbMo mesure 2,0.0,21.57,27.65,0.0,50.79,0.0,27.46,36.35,0.0,36.19,261.71093107742377,18.94453422953948,7.599617131341959,0.5972091788842637,0.0534876,41439.17,1.0
compo_366,grad21-NbMo mesure 3,0.0,24.37,31.28,0.0,44.35,0.0,29.91,39.63,0.0,30.46,265.5431228965373,17.37152779707804,18.98783092831351,0.14149097684711026,0.14878989999999997,46472.68,1.0
compo_367,grad21-NbMo mesure 4,0.0,27.67,35.78,0.0,36.56,0.0,32.52,43.43,0.0,24.05,251.75912017872307,15.958937581918956,10.443065296361151,1.3500899178685872,0.3132999,56528.87,1.0
compo_368,grad21-NbMo mesure 5,0.0,30.83,40.39,0.0,28.78,0.0,34.77,47.05,0.0,18.17,262.0143435394976,15.631283876676395,13.563609578007444,1.3606257428576192,0.3493746,57947.99,1.0
compo_369,grad21-NbMo mesure 6,0.0,34.36,44.91,0.0,20.73,0.0,37.21,50.23,0.0,12.57,263.123102675257,16.163282757047348,10.219242526296917,1.1440079763300555,0.1768033,47624.8,1.0
compo_370,grad21-NbMo mesure 7,0.0,36.77,48.21,0.0,15.02,0.0,38.72,52.43,0.0,8.85,264.9696206577179,17.38031970960236,9.533398357403225,0.31699242502511277,0.07146795,41523.14,1.0
compo_371,grad21-NbMo mesure 8,0.0,38.36,50.84,0.0,10.8,0.0,39.59,54.17,0.0,6.24,266.69363798489627,17.438077561688708,9.209718980530603,0.5928204581126713,0.0430014,39469.7,1.0
compo_372,grad21-NbMo mesure 9,0.0,39.64,52.41,0.0,7.95,0.0,40.36,55.11,0.0,4.53,241.40017770392123,16.53078254371946,8.318077113509517,0.5048565230466192,0.03019878,38573.63,1.0
compo_373,grad21-NbMo mesure 10,0.0,40.66,53.31,0.0,6.03,0.0,41.03,55.56,0.0,3.41,244.74289707703247,16.54811717211573,6.142692863468207,0.6501358953131583,0.02549126,38178.94,1.0
compo_374,grad21-NbMo mesure 11,0.0,40.8,54.36,0.0,4.84,0.0,40.94,56.33,0.0,2.72,246.59883477969433,16.027449880690728,9.066381342664954,0.34437553219512734,0.0262838,38118.67,1.0
compo_375,grad21-NbMo mesure 12,0.0,41.66,54.81,0.0,3.53,0.0,41.57,56.47,0.0,1.97,238.5349677580321,16.00058958433074,7.686150763502461,0.37678823653641186,0.02909374,38350.82,1.0
compo_376,grad22-Cr mesure 1,2.22,2.45,2.76,2.29,90.28,3.69,4.14,4.81,2.0,85.37,241.8614525173688,13.261051663132918,7.3450799259122075,0.5752229081371472,0.0235616,39784.42,1.0
compo_377,grad22-Cr mesure 2,2.54,2.73,3.12,4.33,87.28,4.19,4.59,5.41,3.75,82.06,236.33506779473245,12.582617893513362,20.69868202490089,1.364653364757683,0.02378059,39410.93,1.0
compo_378,grad22-Cr mesure 3,2.88,3.22,3.62,5.06,85.22,4.7,5.36,6.22,4.34,79.37,232.09511889102123,13.207224627404262,8.066023485197785,0.3978347628672904,0.02053592,39077.6,1.0
compo_379,grad22-Cr mesure 4,3.2,3.61,4.16,5.61,83.43,5.19,5.96,7.08,4.77,77.01,226.95527440891587,14.538026247582412,2.686017029484821,0.2848948209449511,0.02028444,39188.45,1.0
compo_380,grad22-Cr mesure 5,3.54,4.16,4.71,6.28,81.31,5.68,6.79,7.94,5.29,74.31,225.6614301666804,15.041902819173256,5.889364547140364,0.18110576523703348,0.01971969,38783.55,0.0
compo_381,grad22-Cr mesure 6,3.97,4.65,5.3,7.08,79.0,6.3,7.51,8.84,5.9,71.44,221.94823646121117,14.90051709115242,5.484914866681145,0.24305277879250828,0.01861628,39218.88,0.0
compo_382,grad22-Cr mesure 7,4.53,5.21,6.0,8.14,76.13,7.09,8.31,9.9,6.69,68.0,214.32426221120903,15.418227443376798,3.224252681169975,0.4638207534073704,0.01966219,35921.08,0.0
compo_383,grad22-Cr mesure 8,5.18,5.87,6.77,8.77,73.4,8.0,9.24,11.0,7.12,64.64,173.4782111746376,12.61343686773712,6.103214881628314,0.08725124158027234,0.02055995,35953.21,1.0
compo_384,grad22-Cr mesure 9,5.95,6.53,7.7,9.6,70.22,9.05,10.12,12.31,7.67,60.86,164.53082877080925,12.816023997940027,2.343979367412382,0.1217539896170047,0.08853885,39790.78,1.0
compo_385,grad22-Cr mesure 10,6.61,7.35,8.38,10.55,67.1,9.92,11.22,13.22,8.3,57.34,159.73095600081345,12.817367813031648,3.4741890738148067,0.04091116256655737,0.02582014,35343.68,1.0
compo_386,grad22-NbTiZrMo mesure 1,7.19,8.06,9.26,11.67,63.83,10.62,12.13,14.39,9.06,53.79,158.9873394723079,12.787376934099443,3.143392439145404,0.1368451598528226,0.0147478,35343.68,0
compo_387,grad22-NbTiZrMo mesure 2,7.87,8.85,10.22,12.64,60.42,11.46,13.11,15.64,9.66,50.13,157.13713200300202,12.744107630570094,2.1671082319227364,0.10062757450295717,0.0147478,35343.68,0
compo_388,grad22-NbTiZrMo mesure 3,8.62,9.79,11.24,13.77,56.58,12.33,14.27,16.91,10.35,46.15,158.84525528522275,12.620264552205251,3.2978241795030225,0.014921979009500423,0.0147478,35343.68,0
compo_389,grad22-NbTiZrMo mesure 4,9.2,10.62,12.15,15.21,52.83,12.98,15.25,18.02,11.27,42.48,155.72991176479724,12.505036768521437,0.9932446793838665,0.20415751798040435,0.0147478,35343.68,0
compo_390,grad22-NbTiZrMo mesure 5,10.02,11.6,13.52,15.91,48.94,13.85,16.34,19.67,11.56,38.58,149.42017318323434,12.46010971633613,2.0555171617785204,0.16924618805420985,0.0147478,35343.68,0
compo_391,grad22-NbTiZrMo mesure 6,10.52,12.62,14.63,16.67,45.55,14.32,17.5,20.94,11.91,35.34,151.2864027886759,12.084917630247318,1.0968039719046248,0.029638655910730807,0.0147478,35343.68,0
compo_392,grad22-NbTiZrMo mesure 7,11.22,13.56,15.88,17.87,41.46,15.02,18.48,22.34,12.56,31.61,148.85036582847812,11.885681941822035,2.0448400007595846,0.17723234452495912,0.0147478,35343.68,0
compo_393,grad22-NbTiZrMo mesure 8,11.9,14.73,17.11,18.71,37.56,15.63,19.71,23.64,12.9,28.12,141.81741444162,11.645488188092163,1.6847902212739867,0.028120281251472024,0.0147478,35343.68,0
compo_394,grad22-NbTiZrMo mesure 9,12.66,15.46,18.2,19.57,34.1,16.38,20.38,24.78,13.3,25.16,135.89863089406498,11.305909518511783,3.544199586430664,0.0714761452595459,0.0147478,35343.68,0
compo_395,grad22-NbTiZrMo mesure 10,13.38,16.7,19.42,20.51,29.99,17.0,21.62,25.96,13.69,21.73,130.29516013088517,11.218668397964263,2.3534188932621563,0.1496140103025962,0.0147478,35343.68,0
compo_396,grad23-Mo mesure 1,4.9,5.16,89.93,0.0,0.0,4.68,5.02,90.3,0.0,0.0,310.54390387316323,10.204755018530047,9.868141577082234,0.3566350938066818,0.46147380000000005,66963.56,1.0
compo_397,grad23-Mo mesure 2,5.49,5.98,88.53,0.0,0.0,5.24,5.82,88.93,0.0,0.0,296.645631997644,10.133567817386773,10.086911514020786,0.645283758795765,0.5649896,74006.25,1.0
compo_398,grad23-Mo mesure 3,6.15,6.78,87.07,0.0,0.0,5.88,6.59,87.52,0.0,0.0,291.29349530452265,10.362266637031835,11.920137020121214,0.010292686913892561,0.5645266,73128.8,1.0
compo_399,grad23-Mo mesure 4,6.71,8.06,85.23,0.0,0.0,6.42,7.85,85.73,0.0,0.0,296.93588858285335,10.768860236807134,15.891577274893244,0.46922714170236474,0.42697109999999994,63601.48,1.0
compo_400,grad23-Mo mesure 5,7.57,9.27,83.16,0.0,0.0,7.25,9.03,83.72,0.0,0.0,289.7864298883128,10.935572571446484,13.774883065565335,0.38033092560263254,0.5419480999999999,70957.41,1.0
compo_401,grad23-Mo mesure 6,8.26,10.42,81.32,0.0,0.0,7.91,10.16,81.93,0.0,0.0,293.09913618764904,12.520721451902297,60.25365267681304,1.0071576925169534,0.4710934,64109.49,1.0
compo_402,grad23-Mo mesure 7,9.24,11.83,78.93,0.0,0.0,8.86,11.55,79.59,0.0,0.0,290.2234992800297,12.071926354944754,13.255698851591024,1.062265325560549,0.3266844,59545.09,1.0
compo_403,grad23-Mo mesure 8,10.02,13.56,76.42,0.0,0.0,9.62,13.26,77.13,0.0,0.0,279.4111503996412,11.47866136189948,18.728325188505885,1.3112277405257733,0.43135329999999994,60478.46,1.0
compo_404,grad23-Mo mesure 9,11.42,14.95,73.63,0.0,0.0,10.97,14.63,74.4,0.0,0.0,268.673590166543,12.222799823546318,14.262080877508817,0.27414309011492105,0.3949426,58081.49,1.0
compo_405,grad23-Mo mesure 10,12.05,17.11,70.84,0.0,0.0,11.59,16.75,71.66,0.0,0.0,270.14223068271747,12.50956578271689,15.395170367119292,0.7316068091020128,0.23756420000000003,48838.61,1.0
compo_406,grad23-Mo mesure 11,13.62,18.66,67.72,0.0,0.0,13.11,18.3,68.58,0.0,0.0,250.1099140571902,12.233240713694176,17.922754013766536,0.9074546002970647,0.1300248,43373.66,1.0
compo_407,grad23-NbZr mesure 1,15.31,20.74,63.95,0.0,0.0,14.76,20.37,64.86,0.0,0.0,244.61165695718609,13.318812574561125,5.233476025653581,0.5618767979290431,0.18971500000000002,45915.44,1.0
compo_408,grad23-NbZr mesure 2,16.57,22.78,60.65,0.0,0.0,16.0,22.41,61.59,0.0,0.0,232.61707513817208,12.959197740545221,7.2056261066439875,0.6735976382955543,0.1412614,43403.86,1.0
compo_409,grad23-NbZr mesure 3,18.09,24.98,56.93,0.0,0.0,17.49,24.61,57.9,0.0,0.0,230.95289431074207,12.947328702095714,8.657323844390588,0.7334383410348948,0.1239337,42140.93,1.0
compo_410,grad23-NbZr mesure 4,19.35,27.23,53.42,0.0,0.0,18.74,26.86,54.41,0.0,0.0,215.43291932630297,12.640548093278223,7.268293280567443,0.708340089678441,0.09029784,40249.53,1.0
compo_411,grad23-NbZr mesure 5,20.84,29.74,49.43,0.0,0.0,20.21,29.37,50.42,0.0,0.0,205.0511792672356,12.19328891478885,4.029409574009969,0.24813155566953773,0.05301514,38451.67,1.0
compo_412,grad23-NbZr mesure 6,22.38,32.76,44.86,0.0,0.0,21.74,32.42,45.84,0.0,0.0,191.67404727983262,11.709018070570437,3.9797058726123793,0.6174267133636743,0.03557713,37567.97,1.0
compo_413,grad23-NbZr mesure 7,23.83,35.31,40.86,0.0,0.0,23.19,34.99,41.82,0.0,0.0,187.264274259641,11.50819204339415,9.813971548210658,0.563674517121317,0.02885578,37045.78,1.0
compo_414,grad23-NbZr mesure 8,25.68,38.25,36.07,0.0,0.0,25.04,37.98,36.98,0.0,0.0,178.6524807894022,11.281791174917586,5.035873722961163,0.013960823930722078,0.028575,37022.86,1.0
compo_415,grad23-NbZr mesure 9,27.62,41.59,30.79,0.0,0.0,26.98,41.38,31.64,0.0,0.0,174.3620175624365,10.985640902133772,4.151248930014058,0.3163648176874046,0.0147478,35343.68,0
compo_416,grad23-NbZr mesure 10,29.15,44.77,26.09,0.0,0.0,28.52,44.62,26.85,0.0,0.0,160.9932404999858,10.584903586347814,3.9227734706352426,0.6288774926664189,0.04224365,38688.02,1.0
compo_417,grad23-NbZr mesure 11,30.92,46.88,22.2,0.0,0.0,30.31,46.8,22.89,0.0,0.0,155.8458349291776,10.176316653125777,10.039543807796859,0.9153117130110687,0.03868719,37901.26,1.0
compo_418,grad23-NbZr mesure 12,32.32,48.99,18.68,0.0,0.0,31.73,48.98,19.29,0.0,0.0,145.58838930605944,9.602590478383235,6.590686994590093,0.5988432157529199,0.06890129,39243.22,1.0
compo_419,grad24-Mo mesure 1,0.0,0.0,92.07,2.36,5.57,0.0,0.0,95.64,1.22,3.14,322.70526288842876,11.166098540095831,9.912039012645847,0.010831513040923925,0.4402549,80358.75,1.0
compo_420,grad24-Mo mesure 2,0.0,0.0,92.01,1.63,6.36,0.0,0.0,95.57,0.85,3.58,327.0455525644482,10.420532396012225,6.113937468796963,0.0555777542148881,0.9287644,131578.2,1.0
compo_421,grad24-Mo mesure 3,0.0,0.0,88.66,2.98,8.36,0.0,0.0,93.64,1.57,4.79,347.95303044383945,10.72437105954417,6.349917159197709,0.05055787619977539,0.9018469000000001,128384.6,1.0
compo_422,grad24-Mo mesure 4,0.0,0.0,87.56,2.95,9.48,0.0,0.0,92.98,1.56,5.46,330.5275745589762,11.15358098867029,5.801146343432451,0.09684207845484831,0.9289069999999999,133849.4,1.0
compo_423,grad24-Mo mesure 5,0.0,0.0,85.71,3.63,10.67,0.0,0.0,91.86,1.94,6.2,338.9944851415639,11.523580661464953,11.122962948454575,0.14664870570121916,0.9245736999999999,131654.1,1.0
compo_424,grad24-Mo mesure 6,0.0,0.0,84.15,3.89,11.96,0.0,0.0,90.9,2.1,7.0,329.9929614358326,11.711601504755293,18.333804312099872,0.45788720439988007,0.9236529,131671.8,1.0
compo_425,grad24-Mo mesure 7,0.0,0.0,82.3,4.38,13.32,0.0,0.0,89.74,2.38,7.87,329.7188390250847,11.914198146360286,9.327774160005376,0.2975858085634608,0.9178982,130715.9,1.0
compo_426,grad24-Mo mesure 8,0.0,0.0,80.52,4.86,14.62,0.0,0.0,88.61,2.67,8.72,335.2462462360778,12.76219204400201,3.6265366355473754,0.38969073578028324,0.9283011999999998,128235.0,1.0
compo_427,grad24-Mo mesure 9,0.0,0.0,78.45,5.58,15.98,0.0,0.0,87.27,3.1,9.63,331.21490541656306,12.852586921034936,16.276469331946952,0.4620666056334394,0.9268584000000001,121408.7,1.0
compo_428,grad24-Mo mesure 10,0.0,0.0,71.05,10.25,18.7,0.0,0.0,82.33,5.93,11.74,302.1225667086634,12.312135975305855,9.868758605752364,0.5490638526497278,0.3332213,61911.94,1.0
compo_429,grad24-Mo mesure 11,0.0,0.0,69.11,11.35,19.54,0.0,0.0,80.96,6.64,12.41,313.19650910736806,13.165722368183712,17.679485310194174,1.648683132616216,0.3170563,60759.65,1.0
compo_430,grad24-TiCr mesure 1,0.0,0.0,67.24,12.35,20.4,0.0,0.0,79.61,7.3,13.09,314.06115010047847,13.474634589214656,7.5492832613744785,0.6613034218721608,0.2507482,55797.58,1.0
compo_431,grad24-TiCr mesure 2,0.0,0.0,65.33,13.4,21.27,0.0,0.0,78.2,8.01,13.8,303.8936452536847,13.14570247949111,24.76904334776021,0.4951828832862095,0.2123757,53118.91,1.0
compo_432,grad24-TiCr mesure 3,0.0,0.0,62.87,15.09,22.04,0.0,0.0,76.35,9.15,14.51,303.9207491282865,13.972336522672753,17.678625552532065,0.9238291752564044,0.2147933,52689.61,1.0
compo_433,grad24-TiCr mesure 4,0.0,0.0,61.54,15.88,22.58,0.0,0.0,75.32,9.7,14.98,317.4019843986816,14.281206623900541,8.074623239979255,0.3875885412053731,0.17100910000000002,48828.97,1.0
compo_434,grad24-TiCr mesure 5,0.0,0.0,59.95,16.82,23.24,0.0,0.0,74.07,10.37,15.56,310.9002397919673,14.841392750361413,12.25528062699385,0.67321591610978,0.1334712,46161.77,1.0
compo_435,grad24-TiCr mesure 6,0.0,0.0,57.92,17.64,24.43,0.0,0.0,72.43,11.01,16.56,303.283842587787,14.663691313906227,9.176680597283967,0.6892213471268482,0.16295020000000002,47772.41,1.0
compo_436,grad24-TiCr mesure 7,0.0,0.0,52.66,19.48,27.86,0.0,0.0,67.96,12.55,19.49,296.31780264665866,14.240871779544511,7.555945767749892,0.37249151041246004,0.17569200000000001,49279.01,1.0
compo_437,grad24-TiCr mesure 8,0.0,0.0,46.55,21.73,31.72,0.0,0.0,62.41,14.54,23.05,295.9459654960202,14.33439011199608,12.190956030741294,0.48952378484370174,0.16301729999999998,48249.78,1.0
compo_438,grad24-TiCr mesure 9,0.0,0.0,40.03,23.66,36.31,0.0,0.0,55.97,16.51,27.52,285.1815667924905,14.579836985247827,110.44055142078334,1.3683670178008878,0.1589033,48021.42,1.0
compo_439,grad24-TiCr mesure 10,0.0,0.0,31.5,25.42,43.08,0.0,0.0,46.63,18.79,34.57,269.88388053355817,13.837210458511802,7.121137313291841,0.3429491686144597,0.119968,47208.23,1.0
compo_440,grad24-TiCr mesure 11,0.0,0.0,24.97,26.51,48.52,0.0,0.0,38.71,20.52,40.77,261.8014377277673,13.717015826405413,18.246322989984822,1.326958830726836,0.06224399,43015.57,1.0
compo_441,grad25-Mo mesure 1,2.01,2.72,92.57,0.62,2.08,1.94,2.68,93.93,0.31,1.15,336.0629093333009,9.992257414497553,9.097703832098391,0.1338377556356235,0.9286646000000001,130766.3,1.0
compo_442,grad25-Mo mesure 2,2.01,3.25,91.35,0.87,2.52,1.95,3.21,93.01,0.44,1.39,326.3850486942294,10.405395007074222,9.033445159142284,0.05372923921215234,0.9280223,131976.5,1.0
compo_443,grad25-Mo mesure 3,2.22,3.73,90.15,0.8,3.1,2.16,3.68,92.04,0.41,1.72,326.4270059465172,10.526517152938897,6.644815241311952,0.21535194763407808,0.9261963,133075.7,1.0
compo_444,grad25-Mo mesure 4,2.34,4.39,88.29,1.34,3.63,2.29,4.36,90.64,0.69,2.02,309.6214825739462,10.716898505543687,14.951474372813184,0.4010298596546188,0.9286834999999999,135304.0,1.0
compo_445,grad25-Mo mesure 5,2.78,4.94,86.28,1.55,4.44,2.73,4.94,89.04,0.8,2.49,295.2052828865115,10.68434140825764,12.004691773661007,0.5354252958024955,0.9284264999999999,135296.0,1.0
compo_446,grad25-Mo mesure 6,2.88,5.73,83.88,1.91,5.6,2.85,5.77,87.23,0.99,3.16,285.1172365578732,11.154416916419752,10.112019370888286,0.6533919598759824,0.9286624,134251.1,1.0
compo_447,grad25-Mo mesure 7,3.28,6.51,81.37,2.38,6.45,3.27,6.6,85.22,1.25,3.66,267.5158035994067,11.544327712080957,4.0913467083545925,0.15263097386860128,0.9172466,126834.9,1.0
compo_448,grad25-Mo mesure 8,3.78,7.58,77.99,2.92,7.73,3.8,7.76,82.47,1.54,4.43,257.64219638968495,12.003225686875846,13.152906997742537,1.3548548378725354,0.915271,109077.2,1.0
compo_449,grad25-Mo mesure 9,3.92,8.42,76.02,2.84,8.8,3.96,8.67,80.79,1.5,5.07,248.38243419771044,12.560573699574007,7.83554772649985,0.29789584688141063,0.9260280000000001,125124.6,1.0
compo_450,grad25-Mo mesure 10,4.39,9.52,72.5,3.42,10.16,4.48,9.9,77.87,1.84,5.91,238.72344744216952,13.01013404337408,1.807001462660428,0.1668570752046154,0.9273981,122707.8,1.0
compo_451,grad25-Mo mesure 11,4.94,10.66,69.03,3.57,11.81,5.09,11.19,74.85,1.93,6.94,222.89871928473877,13.568595829444627,1.338873119059521,0.05132925804345626,0.9253429,119420.9,1.0
compo_452,grad25-Mo mesure 12,6.19,11.78,64.53,5.51,11.99,6.46,12.53,70.86,3.02,7.14,210.7034789197286,14.5866626164247,12.050010610738775,1.520358629374631,0.34990340000000003,56427.76,1.0
compo_453,grad25-NbTiZrCr mesure 1,6.13,12.69,61.68,4.76,14.73,6.47,13.63,68.41,2.64,8.85,269.14365955325894,16.285283320028622,8.7984879775418,0.191640077186332,0.3231407,64444.01,1.0
compo_454,grad25-NbTiZrCr mesure 2,7.3,13.94,56.53,7.12,15.11,7.82,15.22,63.72,4.01,9.23,245.2197754341304,15.154788206376974,8.78893721388984,0.7876063930054775,0.11954089999999999,65479.79,1.0
compo_455,grad25-NbTiZrCr mesure 3,8.22,14.87,52.04,8.68,16.19,8.94,16.48,59.57,4.96,10.04,226.44287602325917,14.591444972486268,8.113795483564418,0.9581917656026508,0.11280989999999999,64952.8,1.0
compo_456,grad25-NbTiZrCr mesure 4,8.8,16.06,47.47,9.89,17.77,9.74,18.09,55.22,5.75,11.2,204.35249688368302,13.929327858866623,2.213527664580732,0.5411122882781387,0.1002876,64632.4,1.0
compo_457,grad25-NbTiZrCr mesure 5,9.07,17.0,42.19,11.18,20.56,10.26,19.6,50.23,6.64,13.26,188.78304481234372,13.810581652388532,3.286728182628966,0.6209655427974996,0.09248769,63656.37,1.0
compo_458,grad25-NbTiZrCr mesure 6,8.54,17.73,37.8,11.23,24.71,9.89,20.92,46.05,6.83,16.31,178.16034796077633,14.462479309807705,3.477838659499515,0.06838267740960288,0.156223,67967.46,1.0
compo_459,grad25-NbTiZrCr mesure 7,8.96,18.45,32.65,13.4,26.55,10.63,22.3,40.75,8.35,17.96,166.7154883913146,13.507723930861122,3.8196723161551454,0.5441294628759451,0.09786812,63511.72,1.0
compo_460,grad25-NbTiZrCr mesure 8,10.38,19.72,28.67,15.63,25.59,12.44,24.08,36.14,9.84,17.49,155.77732095385872,13.297511092526985,17.818891199130427,2.138684358600615,0.07968588,56373.21,1.0
compo_461,grad25-NbTiZrCr mesure 9,10.22,20.31,24.11,14.92,30.44,12.55,25.4,31.13,9.62,21.31,125.74444711159441,11.258460546952898,4.842339329267528,0.26711044621197627,0.0452491,57112.07,1.0
compo_462,grad25-NbTiZrCr mesure 10,10.57,21.21,20.66,16.09,31.48,13.16,26.9,27.07,10.52,22.35,116.98826887515324,11.046099814801911,2.1555162261968674,0.012721934885881882,0.03598078,54424.76,1.0
compo_463,grad25-NbTiZrCr mesure 11,11.11,22.05,17.05,17.24,32.56,14.04,28.38,22.67,11.44,23.46,110.16386817541263,10.852013493971238,1.5988548220033656,0.1331234020914655,0.0147478,35343.68,0
compo_464,grad25-NbTiZrCr mesure 12,11.44,22.97,14.44,17.94,33.21,14.6,29.85,19.38,12.02,24.15,106.38105502840165,10.580106304111565,2.6250817603379244,0.17586346152496607,0.0147478,35343.68,0
